[{"userId":31,"uploader":"Veracifier","recommendations":["LUoJXv1vh8g","FVfxPRYr0u4","OnzQ8YxaktI","Zu90tBlkKXw","-uYmSEDQGvc"]},{"userId":78,"uploader":"brokensonnet","recommendations":["kWy4JE6Z8_w","tHZaZZaZMY4","xfLMU3yraLU","BCoVPHrE6j0","RfVEADazL7c"]},{"userId":85,"uploader":"TheAmazingAtheist","recommendations":["zcResgFVD38","OU3coeZHKsY","RuhvLHVq9QY","7fd9bpPtj5s","ogsVp2_t0qc"]},{"userId":137,"uploader":"TheShend","recommendations":["tzrDpTqom-k","OU3coeZHKsY","t-emM6Fm_3I","kWBObCFVCS0","vBEl0OxUV1k"]},{"userId":243,"uploader":"vergfox","recommendations":["Y1ui9E-anQo","VY1CNoo88Cg","pkL_BjzIKlE","M9O3UYzGcAw","O3bJJHZAIUQ"]},{"userId":251,"uploader":"LALKB24","recommendations":["XTN8cMbUeYA","ZVlQnPnCdio","QkywGLpdWMw","ammmZwE3wzI","uzZf5OPzM7c"]},{"userId":296,"uploader":"BonersGames","recommendations":["irmyib7myGU","2MOyPis2bHc","MX4qOW9cLKk","ZkyDJsBwkVE","-uHfNy2hjsg"]},{"userId":322,"uploader":"jonnytbirdzback","recommendations":["w0gYcBCOpNc","wWpnsFeXODo","R5cLFYTrn40","VQN5Z7rFBjg","GmSey_313Ac"]},{"userId":362,"uploader":"lugogaliza","recommendations":["O8IYlY0K9Z0","SArQRMnb6xg","z3-Uaqey07w","nPXE-u-BqqQ","dv_rChdqCJU"]},{"userId":392,"uploader":"bbfanz","recommendations":["6rA6WA1X_co","CH-KFZe_UBc","eB4HIdg7Dng","6I9rfXRtI6c","0bT9s29N-mg"]},{"userId":451,"uploader":"tammiest","recommendations":["cNEe4DTBFGg","kVal0hTWLFc","yfltQyjUXpc","iBvkBMG8cgg","jDt0E2J4Xyc"]},{"userId":463,"uploader":"EyeMJRhardcore","recommendations":["MGwge42pXws","VhH9f_csXrQ","_QLNs_PgoDA","p_WGaPup6KQ","guvNGqmnbfQ"]},{"userId":496,"uploader":"kk26","recommendations":["PBBSmYv59rs","Gjs8YVJHbUM","-KEKl7tOFbE","mAcBfnUJPxI","oGq-9NNmr3o"]},{"userId":580,"uploader":"BlizzardCinematic","recommendations":["6rhnN3fVONY","-SebliGF-U4","Qs-P8Wp__os","u1U_yeFQvmY","bGOWe_OLffE"]},{"userId":799,"uploader":"MichaelBaldwinFan","recommendations":["YyVYPfnbmus","gTMGselQvn8","tuUb_2YkkYs","xKTpvBBgj7Q","FUh6lLcU9g4"]},{"userId":970,"uploader":"SMarie7","recommendations":["IwYILaAxXkY","mnlCOOIp-9k","X9Fk9SqjwRk","W692hoZeeSc","x24Pb6K527A"]},{"userId":1127,"uploader":"Sweetie21","recommendations":["qhpNW94St9Y","q8mg3YPvb6o","tjbKGVqskHQ","z-ztluBKPAI","nH4j12Y40S0"]},{"userId":1139,"uploader":"Zero9teen","recommendations":["JXGjAXOaMCE","kZqTA__6xn4","CplBSzyNaJQ","-lVtn-2ahnE","hnKSchc_t_g"]},{"userId":1157,"uploader":"bry3500","recommendations":["fOweFNPN7Jk","gC3xL1Ydk9Y","BZ9buciXJJ8","WOyoPtCZLkA","mjPNa71YrLQ"]},{"userId":1223,"uploader":"njk901","recommendations":["Dx-HXI2ugPM","-DIR5ouADCE","m6dg1e_9TkU","EGEte2Tv4dc","4qYYZqUUMiI"]},{"userId":1395,"uploader":"gilrobertopan","recommendations":["t-2EqaOxLYo","uKM8I-qS3FQ","-rZMHXs2wkA","RDVWf4SUsHw","Hh_HYVXCh6c"]},{"userId":1460,"uploader":"saintbirgittadotcom","recommendations":["m-IzEc4PQJ8","POLoflExJIU","NPeZkO_Uq_c","cv0XAROTvh4","NnY_ah0uyVU"]},{"userId":1522,"uploader":"DiscoveryNetworks","recommendations":["Z5rZhnc-nWE","qfOUFC0V-Yk","wgC8Glj-dWE","CUyL0vUjvJg","WaIWJfqDkwY"]},{"userId":1766,"uploader":"29LYSA12","recommendations":["C50rRVHGvqQ","WS_zqbDiFe4","cqNVuV0mAeE","39Gon6_09ow","MthK-IBnDhU"]},{"userId":1829,"uploader":"Jami100","recommendations":["i3cu2cFErYI","DNd44s0PGGk","UHhFLDueIF0","JGjhTrHbWSg","pnjgAL6Elxg"]},{"userId":2035,"uploader":"missventimiglia","recommendations":["ZJ96-JNqkak","A2Za8Z0FmM4","MchyQSGrqpQ","AvGrOW3XFa0","hQRiIghC2KM"]},{"userId":2247,"uploader":"Namhakudoshi","recommendations":["GB06csMlD0k","9BrfGvCD--U","IN4f60T0_w8","4Va6klxsMHk","4R171aFl1zo"]},{"userId":2393,"uploader":"francotenelli","recommendations":["OWs_I4rnkqU","rwsfUMIw6oI","7fbEugyBTK4","h-fop-oKe9Y","xR2M2ERbhO0"]},{"userId":2479,"uploader":"naritchie","recommendations":["GI4-4gt6rm4","gMw7pt4FcSI","-8P3SLcXfhQ","g03Nu9Io7Og","jAtsyPr5lXw"]},{"userId":2655,"uploader":"Converts2Islam","recommendations":["3VtjLWqTrXc","kuuGLf3p9ik","mitMxLBCMks","2PS2creVhaM","lheLVUxGWG8"]},{"userId":2659,"uploader":"DIMASMAGOESP","recommendations":["Oy1DOYQc0c4","w8xwZ_uDWbQ","4Ds4EMV5Oyg","5quBj5voYOY","zwefjCpNY9Q"]},{"userId":2866,"uploader":"Yankee5004","recommendations":["rXOA_rh7cPU","m6Fij14STtM","ITcguaFYFI8","wyjQW5-kiBA","lSj-tDt5UXo"]},{"userId":2996,"uploader":"flashrock","recommendations":["d0GuiOpJ8Ek","-MnbWNK-ug4","94j8uhLuTrs","eOgkwTjMY1A","fi12JVDMb6k"]},{"userId":3089,"uploader":"kristt","recommendations":["zpM3kyOhf_8","kC-jj5Mjw8o","jqWXW3q3BQ4","VqTkbRixgr8","-IThfTbSbG4"]},{"userId":3098,"uploader":"littlemorgann","recommendations":["vnYwGfqCuJU","YvactNY8CW0","kbBCX7GrJTE","m22vs8lSDHg","j6xMg40eetA"]},{"userId":3377,"uploader":"AuntBee09","recommendations":["Ky2ANU4mgAs","zX5MKCE-B8U","-rHv93rXvAs","N2EDQ1GA4Zk","ssRRqdXlcAo"]},{"userId":3425,"uploader":"DARK13CITY","recommendations":["wvj6T75HNDc","YnhNk3bo7ZY","PQe5aNr3nk8","-yipDVLK6Mg","657HQ3O2oGc"]},{"userId":3488,"uploader":"GtrWorkShp","recommendations":["2i1Djvgvqs8","2rn_1dCWirs","TfIolA7o7JA","4ke4PinA4q8","z5zA3yd4Y9w"]},{"userId":3561,"uploader":"MHJanson","recommendations":["_rvxZ1bWKxU","M-Yn1h-p9Ug","FaSFUSXLfDY","zYDXez6gXJg","4bYm5bkXswo"]},{"userId":3704,"uploader":"TheUndertakerReturns","recommendations":["cf4LcNLy3oI","JYAzp4F7QIg","w-M8Hi3vNKM","9BqwEA1qMyc","1_MCAVWZsPc"]},{"userId":3876,"uploader":"darasheahan","recommendations":["dBpgxH89Pow","i3RtfDo28aU","rFb4BATQgWE","xfMDN6kuNjY","djM4IYN2hfU"]},{"userId":4357,"uploader":"vivwangwater","recommendations":["I1SZD-uqCdw","UXcwRfvOWtc","LCF-SvU0_RM","V2fMJksZ4ig","-ErPiBavdm8"]},{"userId":4383,"uploader":"xAccordianGuyx","recommendations":["-KLdICIe6tw","-kn20ivUeA0","WUqXTiPwqa8","joxL2_BhkHU","hG8KIJlH6Io"]},{"userId":4531,"uploader":"DadLabs","recommendations":["TOyYoC0-QKU","lLDvdpNbT60","u8xFA1IFPUs","pbvtcIPoUF4","-hxkKjXt5R0"]},{"userId":4935,"uploader":"Trutherts","recommendations":["zuOY_WMIvOQ","zuOOV9PKSho","zuOBDTniN8Y","zuPggRdn2fc","zuO4Z6v3730"]},{"userId":5223,"uploader":"evolawonder","recommendations":["nUPiBQercEo","U9aD7pfU8EM","P8a6GjdbKXM","Y2gipfnHXDo","3ciVkmt1AQA"]},{"userId":5427,"uploader":"lucyna52","recommendations":["6SkxogApVO4","E4OxX8_QBZ0","QGxNyPv27lg","tx5_dMRbt8o","KgRY2Xg7Zww"]},{"userId":5433,"uploader":"lzeroxx22","recommendations":["oc0rfvQ15Jg","G2fjMqiYQ7E","MfW22H6IxYc","OU5rRHBQWck","-hcITCDulDA"]},{"userId":5867,"uploader":"wmtube","recommendations":["v0xZrGSr5ew","XivtYGaPw4w","yqCZnBFlUXU","NSywOYLXzBQ","coWz06kZGFw"]},{"userId":5984,"uploader":"AnimalLib","recommendations":["OG0qIOuvfl0","wBw6HwtRcR4","F4UY-8kj6go","zztyCzRfZYE","G21ViwNqrxc"]},{"userId":6082,"uploader":"CarlyJackSnyder","recommendations":["SEu25lnXrCc","-2tpwaHLmlE","lhRFaQHJHAw","WyCOGAKk88Q","a9KGPz904Ag"]},{"userId":6301,"uploader":"InvertedJabberwocky","recommendations":["mSUblMGxorw","TfDLc94QR3I","f1aOL_FXH9M","pP18dqMWhbo","-gKY7OcA8gE"]},{"userId":6552,"uploader":"NuJerseyDevil91","recommendations":["TSLYMYUlBok","Dh0WGKqVjyU","ULH4ElY3RgU","Uh0Dud1ZLJc","8mohBqOeriA"]},{"userId":6722,"uploader":"SteveHoca","recommendations":["d0yTnrWTHwg","atSV7eQYbuw","gDMZREqgIgo","7NcwNiQt3ew","-78db7fa5L8"]},{"userId":6939,"uploader":"amaroq38","recommendations":["gHIpApQaXAw","4hlDKpn4QD0","OU3coeZHKsY","RcZcH-dv2Lg","ixKaThPtxmY"]},{"userId":7131,"uploader":"chuntoon007","recommendations":["68NaW1Wow2k","ITWF7TqJDO0","Map6ye7ee7I","5EoseDFjvXo","69q4WqccFOM"]},{"userId":7206,"uploader":"derekb456","recommendations":["-T926MGI-5E","CFx9EfDyGvE","SJePXCe0O1s","7N2UoM55kEo","tHESVLFiCPE"]},{"userId":7333,"uploader":"foolio78","recommendations":["G_0jfJldWEY","PTjeRlCi9ww","3BV6GpKsfeY","YQiiJGoKyWg","KfuWmz6hRDE"]},{"userId":7892,"uploader":"nunzio4occhi","recommendations":["7mywFNedQSE","r_ybK0Dd_e0","hdjoy4LIth8","-WcBBpOkV-4","hKvslFbCTGc"]},{"userId":7982,"uploader":"poopleton","recommendations":["JLA5ORSxZ3U","k6_BhhDuBrk","CGF5xHKBOpQ","V0AaLmc1Ras","zmTq4aoZ_Bw"]},{"userId":7987,"uploader":"portalfitness","recommendations":["8nU_t5lx1k0","WhNHu-utoJ8","QHmFGefEPoM","vEPly2nOIlQ","mHVSUG5LSVM"]},{"userId":8249,"uploader":"thechurchofdave","recommendations":["UPW-O0-ZQ7o","k29YcQfcB3U","-Gl_-ysTK5U","tdSJxFJBqas","8iBPK14lx8M"]},{"userId":8450,"uploader":"01schwantz34","recommendations":["EbKnmHIhB5c","Aj3w56GSlQA","45AM8CUf6O4","-ioBDIpIGSM","mRgfehHk6pg"]},{"userId":8592,"uploader":"AsikTV","recommendations":["-frxNfhfQcQ","nTRtYEuSH5Y","3imvfYVwLQs","F2kn0XCr7PU","HcWi4hVlaOY"]},{"userId":9338,"uploader":"LevyRated","recommendations":["ni09-_CHrfs","M3kwxuEVi4A","pJ9uqm2nsgE","GxGcb6Xd1FI","-ykX__5FsLc"]},{"userId":10183,"uploader":"adamwestslapdog","recommendations":["c0IGn_BQdRE","6shw2iV9jk4","w3VT4e9ABXU","Uh0Dud1ZLJc","-41xf0rNIJE"]},{"userId":10611,"uploader":"comnsense1001","recommendations":["YMzgCqibRLE","iKQv4JWJizg","ZfUxKMaN4C4","poQF7vuBevQ","-CCS7kTLUZM"]},{"userId":11928,"uploader":"parissupuu","recommendations":["MxXAMELWSRc","kum45qb6Ff8","G7sSXMtApGU","cv6gjY_AjNc","ndsVgxlDG58"]},{"userId":11936,"uploader":"paulbrec","recommendations":["Bw4OQZMIB7g","SJbucMuiILs","QlVYDFczOfk","S_9QBHB1PXQ","mj1T7QE2X1o"]},{"userId":12393,"uploader":"supermariogalaxian","recommendations":["tI2rGSJpxzk","lFKKimIo3vs","KMXdrSP91ho","Omhbkf35sqA","k6Bq58B27fU"]},{"userId":12611,"uploader":"videogum","recommendations":["-Ahk7hoVFC0","0QTFW25Tkcw","NToo3Fga_WE","etrtTnHQeNA","ngyDe9sYSiU"]},{"userId":12998,"uploader":"AlexHellnezuela","recommendations":["OUQgFMpOZ7I","Xc-ZCXIFXW4","JZHO9zTTMDI","WFMTlx5eUCI","llO8wrXKPLc"]},{"userId":13528,"uploader":"DarkEliteMaster","recommendations":["PxPgv2erbD0","PX-mWbOZWvg","GR6GiWRlIKY","n5UzLCNjXeI","-kaMlL3D9rY"]},{"userId":13765,"uploader":"FaltzerForte","recommendations":["-fa1lhz2jhs","Bz3_GFtNbuo","F3N50u0mSuA","qWPgWUhBwnI","q47yRV8LIJ4"]},{"userId":14809,"uploader":"Nukibag","recommendations":["dVMRnvnykRw","OU3coeZHKsY","Ty_SeHkHsqw","-Q3V4yur5ZI","nP1KuDdaJ68"]},{"userId":14837,"uploader":"OntarioRock","recommendations":["aEAYaOU8ni0","2VI0RlQDMMQ","dv3VzoSlomI","-pqFSnUE_kM","oQcyqlmMrTw"]},{"userId":15157,"uploader":"RyoSaeba","recommendations":["EUGGrTP5imY","N7gLq5nk1UM","bxpLQyC-yIY","-czflkMWqG8","zuk-8itOJE4"]},{"userId":16339,"uploader":"bachaboska","recommendations":["R4EC6kowDag","a4_RxYh4LAs","ZqUUNY2JLjk","dzFMKIVhRSw","VRuA3hKW18s"]},{"userId":17969,"uploader":"imSuck","recommendations":["K8eCFWhQZ4Y","dYvCBdiOx_M","khVCABuJfAk","-cy8skNrjDI","_n9cPSA2Ty4"]},{"userId":18201,"uploader":"joebroome","recommendations":["SMDBB1gUoJo","KSDs1LqqiSY","usPk5yuYSSE","u6-l4tO3sS8","-ZCGH98rem4"]},{"userId":18304,"uploader":"justified7","recommendations":["4KzNr1wW544","51xDASIgosk","-nM8pb3v_wM","l-oe0q6ML-k","I2DdmEnHHUg"]},{"userId":18828,"uploader":"manny315","recommendations":["1vVIYSMy6CA","b6_48KiNIO8","q9fj-Qzpgyc","1-cd-JcTnmE","6q7I0UajJYM"]},{"userId":18838,"uploader":"marcelloroma","recommendations":["FczFMdiRIas","JBE02ZrVaQ0","aS_DkyIwx4M","vyzEAlv--9Y","-JC5GqL_g7U"]},{"userId":18881,"uploader":"maschinenmensch","recommendations":["qy0WvMkDoAQ","-LrSSIkdgps","OuPWIVxDeY4","TpAKmIHA25M","P1wWO-d1-FE"]},{"userId":18956,"uploader":"meppou828","recommendations":["_ldB4wG0lJY","e0MBHk5H44Q","QvnIbGp9Qew","OXbMDEuQns0","-mY4O7XMCgM"]},{"userId":19526,"uploader":"pasco3","recommendations":["3m74sCG6PYQ","OG77bbUYT0c","oZ_oGa1b_Rw","C-eoX-3RHGw","-iYZybtxaeU"]},{"userId":19553,"uploader":"pedrowind","recommendations":["vXZo1bl4k4k","2yeNI4Kx7Ig","-4trBVToTLw","DO7iViLi9IE","Cn-CLSOvXUE"]},{"userId":20481,"uploader":"szony1985","recommendations":["-DK3TMF_Wuc","Xsek3aaJibM","QOpY6gkDhaM","jDfjdQwg1Jc","JigWT2twjUI"]},{"userId":20485,"uploader":"taboogamer","recommendations":["vCfq2N3dStY","XRHeX1OYHo4","x02pUaUgJgM","ss1yTgYOWgg","-BbPf1TRD40"]},{"userId":20671,"uploader":"tiroona","recommendations":["XGINzYwzOJY","E5hYQY2fCGY","-jTDLuN-9AE","mtMX6P8dxPM","EAUwFQzuD7g"]},{"userId":21151,"uploader":"xoSilentMoonsTearox","recommendations":["jAuwltEMUMg","AZYyFpSrKxQ","-Xcg9W9u2Xk","cLlByJbwJEY","PSqwNLGiLwA"]},{"userId":21558,"uploader":"69mechanik","recommendations":["P8UhyxN6kU8","OB6JxYxtN-k","g1FclWo0Qbs","8isneDwLvf4","t-Q6NGpJ7mk"]},{"userId":22382,"uploader":"Bootstomper67","recommendations":["Jfxe4EHFQ9I","-Kuk4kpRO0c","WxcD8ggGchQ","5NCYFg-H3JI","Vt4KEJD5wN8"]},{"userId":22965,"uploader":"DXborderline","recommendations":["OBSNA8yOtNM","s4iq3gerW4g","d3es8ujO12c","S-Pd07pF0pU","iQsbi00nXSg"]},{"userId":22990,"uploader":"DalekLord","recommendations":["EVm3WZXA3xk","-YZ0Rrk7OZg","ouLjY4A_4uo","Jo3Njk99oUM","OPwuIIwkZlI"]},{"userId":23015,"uploader":"DanielOdonkor","recommendations":["YAu1nITwYuY","9vouYnQMO-U","1JDLX7DM4hY","8YxzqnbBnOs","vIlRyn18Bu8"]},{"userId":23403,"uploader":"Ekramiie","recommendations":["tUp0lnTYymA","vUcgigX-khY","unrlq4M06RM","-TiUixDfi5M","PrhHDV0j4aE"]},{"userId":23682,"uploader":"ForeverAlexaOnline","recommendations":["2rQnifkOv_8","UXbHdVjDQ8c","-WpMrgr9gok","FaTKaj2_pL0","nGDFs1xKi2U"]},{"userId":24518,"uploader":"JavaQueen","recommendations":["-2INptGhmgo","3h1Xyq0i-WE","iHoR89NgYUo","jW_YQsMjxHU","XPlV3ObXZjo"]},{"userId":25259,"uploader":"LordZack","recommendations":["-SaROn9Vx7g","LeUiV_Vk21Q","HIyz8k2kITI","II1CVPxfn74","-yu7xWx0AJ0"]},{"userId":25462,"uploader":"MakeupMaverick","recommendations":["vsnMS2xfuYs","N-9zJQYLiDE","-qD9I0kKwms","lE79uRVwOro","9dIpIb9EHFY"]},{"userId":25517,"uploader":"MarioMCOLOMBIA","recommendations":["nNRk0J67H00","etEb-MixlaA","vtFySqz-P9c","-bDDA6PoAfk","X7t3QGyxYmc"]},{"userId":26350,"uploader":"Pashinki75","recommendations":["WicPwewXVDA","w0Wp7dn_2V4","RYkFj9HFxd8","EPqSrnR6VtI","giOVNocKCTU"]},{"userId":27484,"uploader":"Ssj3hercule","recommendations":["aPzHIRrZuCs","AXAthKdFnwI","-PYI7N1-sCU","IyIp58Lho90","d5vN6UK1vjY"]},{"userId":29282,"uploader":"anthonydlangford","recommendations":["aIMml27bWyo","-bm1RcNfagg","N3RHAh7TtEI","kM6QDd0XqQ4","aKIVY6CmA2s"]},{"userId":29469,"uploader":"attractionchronicles","recommendations":["e-tVuRlkHzM","K6afLVUnimI","wWnMDDYQclc","39S_Z3R4KWg","y86cOFA3w7o"]},{"userId":29894,"uploader":"biscuitduff","recommendations":["zuOY_WMIvOQ","zuOOV9PKSho","zuOBDTniN8Y","zuPggRdn2fc","zuO4Z6v3730"]},{"userId":30087,"uploader":"bowA25","recommendations":["-Ve8rO9a-o4","ilIsq5a7OOk","LOkSn6UGPI8","1RDLV2Ut38U","qzSwWSZlyqE"]},{"userId":30745,"uploader":"classican","recommendations":["b87uvFUlEew","kma4baR8ztk","-LwScEYJV0w","6XpnMfkj-GM","fwdURAAIBhI"]},{"userId":31380,"uploader":"des326","recommendations":["bInvDnVFnjc","9fvbgiqJInY","U8a8W7FQ0tg","-w31-xCwFlc","pGApmivy_jo"]},{"userId":31873,"uploader":"effectsmaster1","recommendations":["x402jGXtrsU","__E-eBUbQnM","z_ClzyV3gPM","lFXlDodN5_M","271DIA_45po"]},{"userId":32525,"uploader":"fredypariapaza","recommendations":["-r-pmWEB0uA","yG-dtYNptPg","6tZ9VLXR1Qo","FFUmjyXsAYM","HEX-iqEPx_E"]},{"userId":32923,"uploader":"govecomm","recommendations":["-2emkUSf1RQ","8-szoABbfVo","2GPifEIi_uY","nTW60IRwV1g","ORcNkwvFHH0"]},{"userId":33369,"uploader":"hohten","recommendations":["eevOy00rU3w","ioy1yXPgsAU","T7JD1Po7OHg","pwciwFdhAg0","0nM3aYvyE94"]},{"userId":34195,"uploader":"joeltan65","recommendations":["8H3ug9wXdOQ","JOg6aHqfUQY","SdArDRufmgg","_wpUAekYH-Y","Hjs5To3JElk"]},{"userId":34416,"uploader":"jwhtheman","recommendations":["JbQ3_u7GTMk","tTHFa0Sdc8Y","-YcxPzciCI0","MPGBPF2hOOk","V02S7UdB6Mk"]},{"userId":34591,"uploader":"kellykookie","recommendations":["uUuZoaDj-jI","tO9Rtc4W7OU","XOJf3992UFg","-C3z0rnH_d4","bqC22o5JgYA"]},{"userId":35361,"uploader":"lordmelbury","recommendations":["zcbSh4QGuYU","Daq3cuv9F_M","xfzxniYHVqs","UA3ynVEAoII","83sLB2DzT0M"]},{"userId":35654,"uploader":"marcotravagliotv2","recommendations":["rmMlHUDmF3A","-rDQ61o-Scg","h7WXIE2jYII","TNAtgxWR39Y","ge2do37wGPg"]},{"userId":36523,"uploader":"nahoruk","recommendations":["th52hKw744s","yNj3LpxzrAo","ITcguaFYFI8","BeXTQT6EVqo","PeDEMbOw2KA"]},{"userId":36869,"uploader":"noro8585","recommendations":["-u79mRg6uFg","bTQ6Aa1gv5M","pixyczePv4E","XU96VbnSoTc","XkqzWjUtlR4"]},{"userId":36946,"uploader":"o0o0SaMmY0o0o","recommendations":["-sTxt6-u-c0","Ibjgjlyxeeg","2yP7be5rfL4","S5P_Gaf-6q0","EaSN-674DtQ"]},{"userId":37046,"uploader":"onenationfilmcontest","recommendations":["zuOY_WMIvOQ","zuOOV9PKSho","zuOBDTniN8Y","zuPggRdn2fc","zuO4Z6v3730"]},{"userId":37175,"uploader":"pablete64","recommendations":["AO1HEyxjlNA","P7y-LqwGcZM","Zz8Rel65rII","mOFhtaWiheI","gOTeKgmMefE"]},{"userId":38883,"uploader":"siujoyce","recommendations":["t8YVr2wTMRU","DDal8vGpi0o","BICH-Rl32p0","vRLHmo3HplI","92_4U-0xf7k"]},{"userId":39582,"uploader":"talika2007","recommendations":["-4bng6y2DgQ","So-CwYNDcDo","eLJ1-daENGI","J6Qh9SWmvcM","pMItouI4Ch0"]},{"userId":41114,"uploader":"xyzmikey2","recommendations":["4OHIz5o9gjk","UnIr_89Inbo","HmsRdoGaJVg","-eHcTpOoY0Y","MjxvG6eqoGg"]},{"userId":42102,"uploader":"64085","recommendations":["-ZcmBjhGlHA","8TOT6VXTOYk","7bluIrCc0dw","J9u857iBs8M","lTZFD-RELaA"]},{"userId":42468,"uploader":"ANAI0230","recommendations":["0R-DqQogrcM","MMbvF7h1HdE","vRw3Ieuo6VU","BvtdesWZRqs","-dLU4TM1vKU"]},{"userId":42545,"uploader":"AaronCookdotCom","recommendations":["j87yUuCC9B0","-SAHVRIp9R4","fsszaLXNisY","Xck1ILHAw2s","ZJIVDx-XlYM"]},{"userId":42666,"uploader":"Aeoric88","recommendations":["49AeHzMynvg","m-_APZYcR9o","N2EDQ1GA4Zk","D6VBG8BkeLs","W9s2N_U6Bms"]},{"userId":43140,"uploader":"AngelKirst","recommendations":["2ySKmDyOUiw","FCAGpVr5y70","JRfFfQTsCYM","U3MNFr2_6Sw","oy2aZr7UdbE"]},{"userId":43522,"uploader":"AsuCeL","recommendations":["VicHDMtGX9o","N4zmhUeWDrs","ndeVfPsVS04","66gY1xpxcJY","-f90VOmMhEA"]},{"userId":43935,"uploader":"Barymetallon","recommendations":["eD3pX4vJfrY","fAjvYjCNMgI","BHF4VFEo8JQ","hDKT01jatSA","rCwbibnB-5o"]},{"userId":44358,"uploader":"Blhess1","recommendations":["IalpPWYUFXs","YtOnKAUq2r8","ghgLO4i2hr8","eQFwIicJhy8","-4wcXb1-ooQ"]},{"userId":46433,"uploader":"DanceRage0625","recommendations":["x4vLlNCAhnE","F2veo2J1cOQ","EUaCOOuific","1JJ0k42wrdU","fsnCAa6h7Og"]},{"userId":46555,"uploader":"DarkRevoultions","recommendations":["bKpD5r9CfR0","pChyN_VQlZ8","ggTqTCXybKY","MwQ4yvuZW54","-_wekzu42N8"]},{"userId":46852,"uploader":"DepressedAlways","recommendations":["PxUFi2CCTM8","X-7nDtS0vS0","-uJt34HxyHU","oIhDz3c9gzA","on8H3yKk79w"]},{"userId":47711,"uploader":"Elitius","recommendations":["Y453KxeKcgA","GTNtY517RUI","-T0uPt3OlWI","tkV80_LPGgQ","ttMeFG-iPYE"]},{"userId":47744,"uploader":"ElvisPresleyCentral","recommendations":["-VD3XUA0gz8","4OHIz5o9gjk","VEisdOzJ1LM","HmsRdoGaJVg","yDcyLgwHxBg"]},{"userId":48398,"uploader":"FirmeHyna7o7","recommendations":["nZv9b0o90YY","jfwdDgeW3zc","0IJlCHStGLY","sUgZU4WOxjM","FoQckaAaPjI"]},{"userId":48875,"uploader":"GabrielleMusicVideos","recommendations":["K3z9Qz00MV8","QdDDoqAfKb0","YoRUdar7XOo","-KGZtOTkOJY","HvvHfXYhUwE"]},{"userId":49267,"uploader":"GoodCommitment","recommendations":["Hj5tHhxXr-g","KVzuYwlbi74","coWz06kZGFw","hs6uW9SmIJ4","V8RxuolNT3g"]},{"userId":49668,"uploader":"HamboProductions","recommendations":["gMsJAwZawQ4","ZW5tB0yQT-0","6oS6cNKf43s","5_XiCbX7CYI","7Of7NjDkKN8"]},{"userId":49686,"uploader":"Hank44","recommendations":["7lGopJwaLbk","u2YRgRgmgXU","-2iGU9x5GtI","Q8e2Z7qNKLk","AX7e6tg3A38"]},{"userId":50546,"uploader":"IrishJewGangsta","recommendations":["u7daxQYnaqc","8lfS1JATnCI","CqWZhiBm9PU","haJLMAwwJu4","LHKGfAsxSJk"]},{"userId":51142,"uploader":"JennaChan621","recommendations":["-qNseaBSP1M","47QqJsXGtpM","ZezojrAs-lg","PfV02ezPDPw","WVQNgpmSGGg"]},{"userId":51743,"uploader":"KRockXP","recommendations":["YQi_ln75hdM","fIVyVa-RYxQ","oE1UW04Dn9Y","EAUwFQzuD7g","RGpHMzcDwp0"]},{"userId":52620,"uploader":"LaQueSeAvecina","recommendations":["uPbvPUZghDY","YTYp3LRpyLQ","PyYcHyGi9Js","nVAU0lKmAU4","_T1AnIZN-zs"]},{"userId":53565,"uploader":"MLBinwa","recommendations":["3pPKniPAq-8","jIuossKsdSQ","3XOzg2-DdTA","b6_48KiNIO8","GPhY0rJJcDo"]},{"userId":53784,"uploader":"MajorDestruction","recommendations":["sLLCQrhOxSk","-AS93t6wwII","uZLZ9KaqdFQ","aLD9BLRauhQ","91iDCbhONAc"]},{"userId":54346,"uploader":"MewKilla","recommendations":["HUJiPFLrUl0","j2yr0iVdzi0","-OOQQkNeO0Q","OU3coeZHKsY","awoIbH3dM54"]},{"userId":55155,"uploader":"NCHProductions","recommendations":["So-CwYNDcDo","ch-z5s2JabY","uTEkCB8SqXs","-kNNSBVhmho","T7JD1Po7OHg"]},{"userId":56466,"uploader":"PaulaJanna","recommendations":["VsCZYcW0Rss","GWNLd7gXGSg","g3SKNCrIruI","HX2H_3DAdrs","k6LMcfM5R8A"]},{"userId":58305,"uploader":"SHAUNMORTON27","recommendations":["5f6mV8Ec2-o","zkddOwnrGkA","TyCp-b2QPqA","kWj_0yfvOM8","JtwIqyPfS0w"]},{"userId":58402,"uploader":"STANFAN","recommendations":["n4OyPAhZP3M","-oOs6PcC1-w","qSAvNzDQmIQ","LwKVDaB2UnQ","jgwP2-c8f7Q"]},{"userId":58878,"uploader":"SelpeTotal","recommendations":["4M4LW6UTzCs","Lli_eON7pW0","TPRkvQPXZr0","k7QSkcfg3JY","jqcZlNdOy1g"]},{"userId":59990,"uploader":"StefanoOnorati","recommendations":["-PZStmQ8FrM","bOXXtcZ5Dp0","hH9MQqysauI","iFDbKw2hwuM","ndTTkUZ9gbs"]},{"userId":60540,"uploader":"TT202020","recommendations":["nJwkJwPPZeQ","-w4VGriwc6A","IRFB-GdBhe4","noKIDCq6htc","gs-cl3Q1j3U"]},{"userId":62299,"uploader":"VegasRex","recommendations":["e8DG0k2QK5s","yE0rHvZVMWI","8mcBF_BNxqQ","R3Ffw1y4y_I","WTsBZaKcC5I"]},{"userId":62526,"uploader":"WAVEEES1","recommendations":["uIw2IZsN-L4","ajqRysSMuMk","NwM7WkwSrtc","u_O4z3RksnM","EhIqSZZ8z-k"]},{"userId":63146,"uploader":"XxKissMyEyesXx","recommendations":["tWrLGMbfGhs","_BKiMYD9YYY","tELPF7MjCk4","AzDNbFjM_f4","hldOPsbNLdQ"]},{"userId":63388,"uploader":"YungDreams","recommendations":["7ZIeZJABskI","ObbObf9svjY","Z4VcuHRVJu0","B_SSTnnzIbU","ZcFodsofd8Q"]},{"userId":63592,"uploader":"ZoroSanToRyu","recommendations":["cnuEnQN42bs","-TYHGTtDjLk","DOAHQEROLNM","G2SiN422cNc","4atOxPftzgs"]},{"userId":63978,"uploader":"adictoalocio","recommendations":["aEAYaOU8ni0","lzc6IkYwbyo","eOmS49oatTI","v3sPnIoLpzo","-mLsraTTwcQ"]},{"userId":67278,"uploader":"bigassmf","recommendations":["c9fxR0I5Qsk","23k3O55on6E","17UD8pU66fY","OCU4unIJHcw","xiLPM1r0yMA"]},{"userId":67663,"uploader":"bleach772","recommendations":["Ga7yVR-wz2A","njFZWw2UetM","qAtxAp_sLyI","ZGEzzx8an7o","dSNt2Dl5Cwk"]},{"userId":69279,"uploader":"ccutune","recommendations":["fnGsz7_2cUA","fuZvMt52bLU","O5SWRRv5AgU","Twn6mzGR-p8","1Qrjl2iTm90"]},{"userId":70089,"uploader":"citlasandra","recommendations":["Gjs8YVJHbUM","kZ2iU8D3ccc","-rS32RmR5iM","Vr4urJCi2bs","v7ygPglKDEI"]},{"userId":70686,"uploader":"cornierechristopher","recommendations":["fZzQ9ssF4cw","W2Xfhjva4Ws","2iiitXkUrCQ","Myl1WR4yrTY","xep0vvhCiXw"]},{"userId":71808,"uploader":"daves82","recommendations":["TRaBAvTKjNQ","ljYqXl0ka5Q","sLL7Hg1jvKA","z0vRdi2Juww","CDMivDl4Xvw"]},{"userId":73036,"uploader":"donez44","recommendations":["r-kK3MCtuZs","LzFiNSJkqjc","ZpStitIrI54","JMqorHmVlrM","HaQyue-q_nk"]},{"userId":74820,"uploader":"expressomax","recommendations":["reHKt80Sa1E","Qp6qD4mvfTw","pCjIHDaPcuQ","WGvDamM0NaU","pnyOPl2HW0E"]},{"userId":75250,"uploader":"fergoleador","recommendations":["mgnmc_rxWO8","-A7Ke_Ia_hM","nZv9b0o90YY","Fiv3E7n6Ip0","-WUGuA9jOJA"]},{"userId":76148,"uploader":"funnyLula23","recommendations":["-DJS4jfCwGE","V40wv7q8X2I","_JQ-ots6vlo","uJGKbGgMK3s","dZeI8mqARbI"]},{"userId":78000,"uploader":"hattorihanz0","recommendations":["d-nFvhc36UM","6wG-glfTT8U","TtHyObQKjfU","V0ayUkgcVDs","1ygFPTJs7IY"]},{"userId":78170,"uploader":"hejhejpadejminvan","recommendations":["Dm3sMJUjn-8","EJX5G5xWY7o","ApbXQXVEuyI","AVqko2F2TFw","D1y3Sm432ag"]},{"userId":78301,"uploader":"hey8you","recommendations":["j8v1Pt4v4iU","6zkG1lq2prY","kUXoMD_CPo8","-f0kDsRYE0E","66q9Js-O9s0"]},{"userId":79207,"uploader":"ifalu","recommendations":["LplWKzCWA7U","z1XupWl5gGw","yW3Ya1dIuI0","Yrzu8hleAq8","cF7_DyDo7Nw"]},{"userId":80355,"uploader":"jasoncscs","recommendations":["gWDY3HsRKtE","boSPSpiXEZk","do_BOUdXdD8","ducK_HBzEb4","5l0htE7_VYI"]},{"userId":80805,"uploader":"jessicakariya","recommendations":["-yDOFrU8q9U","Fc_2SheAh-s","MwcA66c0BOU","HfGt2ooFRcE","CEpJ4ZRX33Y"]},{"userId":80898,"uploader":"jgottlieb","recommendations":["zuOY_WMIvOQ","zuOOV9PKSho","zuOBDTniN8Y","zuPggRdn2fc","zuO4Z6v3730"]},{"userId":81501,"uploader":"jordan1210","recommendations":["Fenm39ueK04","M1mKS6F3vWE","elLbpTAGxN8","MML10LDCvPY","FFUmjyXsAYM"]},{"userId":81703,"uploader":"jr92700","recommendations":["KeILJVznbWo","d6zTcA5-E_c","_HFTbvI7MoM","61Ia9ugTgfM","4pWWozDU-58"]},{"userId":83020,"uploader":"kingcut1","recommendations":["KAwjYEcadcw","8HiOlXABsFY","c4Iz5JZgAKY","_hGt1qIKXMU","ClKmhGzb5fU"]},{"userId":83291,"uploader":"knightscan","recommendations":["G4jIyaqQQA0","5AF6Fss669k","sv52Y4oayCo","hzWvM-Kt1ro","sUxEwJzRwmM"]},{"userId":84331,"uploader":"lemonkey","recommendations":["OxsqoqHxW_o","kQnRr_nEpgg","4OHIz5o9gjk","HmsRdoGaJVg","afY7XFPFIbI"]},{"userId":84445,"uploader":"lesleylol","recommendations":["nqU8dpyKFgw","vsMM4iMvc6A","upqCh6Q9DtQ","ZNb_uHhq1mE","LmofY7ypefE"]},{"userId":84479,"uploader":"levihydra","recommendations":["xN663lS2fWk","-aXNVGCPQLA","pmRKuZSzhyA","bMBdxBn0ur0","tgbPKfC58Bw"]},{"userId":85038,"uploader":"loloooool","recommendations":["0ycxFVnL64U","Gjs8YVJHbUM","kWj_0yfvOM8","-BaFW0nMa3U","7AsMVeAGPZM"]},{"userId":85253,"uploader":"lovelybabymay","recommendations":["e2vfXjz7kkU","pLlmEQoZd-c","J_Yk03vge2c","6ib0EoTNSNM","wHRq_8rMt-c"]},{"userId":85273,"uploader":"loveriku","recommendations":["-A-5KHwwlNo","IalpPWYUFXs","kmhzEnn7HbA","M_t-eGF_nCk","rsfUcdLX1C0"]},{"userId":85784,"uploader":"madscientist67","recommendations":["vLcpSD9TQ8k","78ypzDa8jGQ","Wt34tWbI4mA","ZIWnTAScjBQ","oWga4leMJxk"]},{"userId":86411,"uploader":"markvergeer","recommendations":["0ylu9lulDwk","WwTmb0f1vOc","bvJd7WhgrLY","KGp1Ob1ZIkA","bfivFN8y5hs"]},{"userId":87610,"uploader":"mikeytino","recommendations":["DHKJJi3ukgw","G0O_5CFwv8k","wWkzfAF4hwA","bxXB418G6AU","blHXiXFkUhQ"]},{"userId":87705,"uploader":"mimidudettex","recommendations":["-kF4yyd-TEU","770q72lrgtE","JRTIa9B40oI","MEmNBaoTwOk","rmw29P6N2As"]},{"userId":87905,"uploader":"mistararebeat","recommendations":["6x8rT07l-c4","RY3IBxMWC5U","1o34mnI2Az4","-MzjiqDWU2s","OzaresQNIRI"]},{"userId":88457,"uploader":"mouseTV","recommendations":["9tfO_jfIXjA","4OHIz5o9gjk","-M7pzO7i8EU","HmsRdoGaJVg","4sIXIQXsMo4"]},{"userId":89056,"uploader":"myownfreestyle","recommendations":["rHfvRbsf9BI","ORAoqKBVi6E","CICBxcTJBE4","8m31nsN76P4","ixKaThPtxmY"]},{"userId":89900,"uploader":"nikojpapa","recommendations":["gwhvM_JlI3s","Rzvzb-Odqv8","qcES6toh6Iw","Axw1up-uuVY","wL0BH58bR-Q"]},{"userId":90817,"uploader":"operara","recommendations":["Njbgqy-0Xds","q_kFPkdn954","D6-862vUrAQ","-UfYK-iPSLU","rtfzYYEohCA"]},{"userId":91884,"uploader":"phingerboard","recommendations":["zRnx8cg61fw","8atAmg9TgAU","gIQ2nrAaA6A","-ysMV8aOIy0","5e4XkigFKv4"]},{"userId":94240,"uploader":"rmphotos","recommendations":["n3vDWr_47Nk","4OHIz5o9gjk","UnIr_89Inbo","HmsRdoGaJVg","-445eyCJW48"]},{"userId":94402,"uploader":"rockkk12348","recommendations":["ggujD3hCP60","oBy8osKWzTQ","w9_dHSdvUJU","S22k28BExiA","8X5HVyJUaYU"]},{"userId":94857,"uploader":"rutgergeerling","recommendations":["6RU_fk6zNmc","-oFcworbrOE","81zshVGlKo0","BES2Ki7QqAk","OZbXq480wyc"]},{"userId":96419,"uploader":"shortney15","recommendations":["nAn7nfHPS28","etaBvRrWtfk","7mLHprmVB6g","O44iGTpb_oM","Z46-LbVBgEM"]},{"userId":98997,"uploader":"tanpapa","recommendations":["AeTaA9QlK08","keHQwdy2NX8","ZsL-JepbWKU","pStzWLCucUk","b6KfUXA1jd4"]},{"userId":99168,"uploader":"techtut0r","recommendations":["r_onYZbjyRM","jihXCc5rV6Q","aUbJkw0vUn0","vdbN-yKKHQc","dtjzpOdsiHo"]},{"userId":100170,"uploader":"timixoxo","recommendations":["hXGFzvbxZCE","RgN3BNNckV8","TWy4Bp1ftPI","-HAxtT3s7NE","YHpeWPo4kwA"]},{"userId":100615,"uploader":"topmodd","recommendations":["Xgn_YqeYbAo","m0LrA1FmHf8","GhnFwhK6FRA","VVq6PQ7dehQ","a3RyCjCCWaE"]},{"userId":101781,"uploader":"vapatriot2","recommendations":["-epeXDBLXsA","NbJE-XJwaSo","r501uC6GtUk","_sB0cIViyyo","AVVX6v7KjHA"]},{"userId":102196,"uploader":"vitordsg","recommendations":["-OwPR76BrXM","UH2wCxp_i2c","4-lwjDVBluc","7dklhLo3ZbY","2LgRk6QnFDk"]},{"userId":102739,"uploader":"werthyu","recommendations":["-s6U9whQyk4","neAU2UdhyMo","GI3QYMB1Pdc","LlfiF2auvp0","p_egbV1U2bU"]},{"userId":103269,"uploader":"wujekwujek","recommendations":["hhinu_oU_hM","7UcfHapsxXU","84XR9iCSaEw","wZrnUdNTH80","EAUwFQzuD7g"]},{"userId":103556,"uploader":"xXxGLoRya92xXx","recommendations":["sNvCrYJWHAA","f_SSxiqaL5M","gOPgpSMWDCU","OU3coeZHKsY","pRnRr7sfEkY"]},{"userId":103902,"uploader":"xtinasurri","recommendations":["5096EwjObf4","nOXrl1RPCo4","VBt-ESlPm7c","exfpwm748Zs","gKOl5TrBsjE"]},{"userId":104042,"uploader":"xxxxxBECKxxxxx","recommendations":["MDKwJB5OqeE","w1_4xsWkQ6g","NVfwtxxbF1k","9bUeFdNzRJI","l8tRAYG1uQc"]},{"userId":104427,"uploader":"ys1992","recommendations":["CYJjrpArKOs","3TR_oL60Gak","ZhmyFJ5HD84","-2FlYDdwP6U","Ei3-XKAD4Hw"]},{"userId":104452,"uploader":"yugeyuge","recommendations":["-OXbOg9aO0c","55Sm8Ku0R7c","HH0rG8UmbKM","nqjmQVzelhE","b6h5ZjKus7o"]},{"userId":104847,"uploader":"zoid0r","recommendations":["-JC5PjcDh3E","zOphQmIro98","6wqwYxQhxss","s2X6d2Z7ctI","GyJKo0nEpqE"]},{"userId":105437,"uploader":"07attalos07","recommendations":["-S3EHSVcF1g","4OHIz5o9gjk","UnIr_89Inbo","HmsRdoGaJVg","74l33z39q4c"]},{"userId":110074,"uploader":"57fmstereo","recommendations":["QKnaIp5t5w8","XQN9I6wxmBQ","-qO7m0CsI_g","ERHxyF2k6Lc","dkV7zsFq_KE"]},{"userId":110890,"uploader":"777venom666","recommendations":["zuOY_WMIvOQ","zuOOV9PKSho","zuOBDTniN8Y","zuPggRdn2fc","zuO4Z6v3730"]},{"userId":117885,"uploader":"AnotherRPSupporter","recommendations":["-0FjY_Fd6W0","-eYXscpNpZk","MR20nsqDv4U","ETpHgdxACc0","mGbXzb3Tozc"]},{"userId":118627,"uploader":"Argentcour","recommendations":["-Uyq19855uY","iN7bvbqmOGk","p2uB7IGZfyo","BchK5oHh0kM","Sguo5xMHZVU"]},{"userId":119730,"uploader":"Atomicskull","recommendations":["K2Xb319VM_c","HBIG9byB0io","ZwLb5iroDMk","6jBqvurkPh0","VXaHU_lHVKs"]},{"userId":120233,"uploader":"Axiliaz","recommendations":["zuOY_WMIvOQ","zuOOV9PKSho","zuOBDTniN8Y","zuPggRdn2fc","zuO4Z6v3730"]},{"userId":124951,"uploader":"BlackTearsEwe","recommendations":["fzNyNjZuuhQ","C-uJgK-xaUo","KjBJDnQN5jc","Xh_XSBJhz9c","-_2ZCO2MqiU"]},{"userId":125345,"uploader":"BlindFreestyle","recommendations":["GcaTS2GxPeI","VsykRWh6hRo","GrVUtuULRt8","skMd8Yi6th8","-Q3IPfBua1s"]},{"userId":125785,"uploader":"Blufireuk","recommendations":["Eusdms2bgaU","mEiuWmvEn1k","TRH7XFePzuk","-ZPwGZA0cSw","EAUwFQzuD7g"]},{"userId":126852,"uploader":"BrandonDeWitt","recommendations":["G0W6nl-0B50","bJd36LzAyRU","edLs4r5AVyA","XdWZlnwjlKA","0P8PHTN-Cco"]},{"userId":126953,"uploader":"BrazilianClaymate","recommendations":["OxsqoqHxW_o","-GqwYG92tIE","4OHIz5o9gjk","HmsRdoGaJVg","EAUwFQzuD7g"]},{"userId":129202,"uploader":"COOLproductionz","recommendations":["zuOY_WMIvOQ","zuOOV9PKSho","zuOBDTniN8Y","zuPggRdn2fc","zuO4Z6v3730"]},{"userId":129582,"uploader":"Caelepues","recommendations":["nJxUIFySWHg","HJApgS-M8ZU","iLr81C8woTU","F0EDMyfiA3I","NH4ubvYEn2Y"]},{"userId":131931,"uploader":"CheezyFilmz","recommendations":["QGdxBfhrSgo","De-gldW_k-8","iGC--_uOZbo","07UPjuVaBGI","j2ZDFnHG504"]},{"userId":137072,"uploader":"DJTeknica","recommendations":["4OHIz5o9gjk","UnIr_89Inbo","xS4yzT0zdwM","HmsRdoGaJVg","yEanlAm20nM"]},{"userId":137188,"uploader":"DLSJ5","recommendations":["-qukOiCjJU8","07fiQtqzcwc","vfJPdSc0nBU","iJQ96W87xdE","SEkKb6jkhu8"]},{"userId":137389,"uploader":"DPancoast","recommendations":["hp4PmTwJ6mg","PTjeRlCi9ww","3BV6GpKsfeY","VQGIvikvrNQ","-QMEym7kSlk"]},{"userId":138920,"uploader":"Daria123dancer","recommendations":["4OHIz5o9gjk","UnIr_89Inbo","HmsRdoGaJVg","gTb1OKrs_0o","fwdURAAIBhI"]},{"userId":139024,"uploader":"DarkDragonsPKF","recommendations":["mzFd--maF_8","4OHIz5o9gjk","UnIr_89Inbo","HmsRdoGaJVg","4DDwiWE326c"]},{"userId":140141,"uploader":"DeJaNPavLovic","recommendations":["OnL9a1hFnAE","tKcQ_b1g2M8","e4hPOpuWN7k","UXbb6x2kNcI","dhE5x5Oc4NQ"]},{"userId":143286,"uploader":"DonKeedic","recommendations":["c-BGKG0sieU","dUcMWm92Gfo","RdfDYQBgdzY","uXLeHpsS_Zk","-hI72A3Bgbo"]},{"userId":145700,"uploader":"EU63N","recommendations":["-2vk1Zn-4AY","p-mbCn7t-E0","JUN4L-1Q46E","EMhYZu7Vs1A","fci8hrdcouw"]},{"userId":146574,"uploader":"Elanta","recommendations":["W-8t2K8U62o","3JeGTXnnkPE","5f94ANvI2AI","-dOmvSiCi8Q","_npsGy4Yxxo"]},{"userId":151762,"uploader":"Flip9000","recommendations":["N-QfF2o0HY8","GFr8NCejygc","b-1XHkav66Q","_dTIxiwfQ18","il_s7dl8J8s"]},{"userId":152061,"uploader":"FoenixPhire","recommendations":["zuOY_WMIvOQ","zuOOV9PKSho","zuOBDTniN8Y","zuPggRdn2fc","zuO4Z6v3730"]},{"userId":153134,"uploader":"Frizzy0izzy","recommendations":["fcW74LwMm3w","BG3JT0wvDzM","p6zA78by0eE","A45C4XKllYQ","_ZNWoL7VUjo"]},{"userId":154253,"uploader":"GONZOBKLYN","recommendations":["nx9TMCgVLYM","U7nZwuWp6Io","m3OhNNwx8mE","Ls8QHfp3TM4","AONBj-VG3Rk"]},{"userId":156054,"uploader":"Gibby884","recommendations":["zuOY_WMIvOQ","zuOOV9PKSho","zuOBDTniN8Y","zuPggRdn2fc","zuO4Z6v3730"]},{"userId":160465,"uploader":"HawksFaFik","recommendations":["ev6YyDAObtw","iyDQRWhBtgc","BvMhwx9DaP0","ENwq_n_wJ_w","8l8RiULP_8M"]},{"userId":161186,"uploader":"HerbertHughes","recommendations":["WGTtB69SNZY","5YOvucWIzJw","Rygi485OSuY","Z5-yjQz2Zng","V_jZX1XsQdw"]},{"userId":161683,"uploader":"Hipa1k13","recommendations":["cV9hurf-6PM","9Wj8Escm-qk","FNYgRPfglLU","-ohTJRTBG_k","Ln54nDw_qbM"]},{"userId":161879,"uploader":"HoboFromTX","recommendations":["So-CwYNDcDo","9vwQ96FtnpA","--dPVwfX3EY","BA89mysc8Mc","EAUwFQzuD7g"]},{"userId":162735,"uploader":"HumanFly13","recommendations":["zuOY_WMIvOQ","zuOOV9PKSho","zuOBDTniN8Y","zuPggRdn2fc","zuO4Z6v3730"]},{"userId":162821,"uploader":"HunterDX77M","recommendations":["f3r8fEoA6KU","J0zzrDu4Xk4","Q1BoVKmBYQc","8y7mq9AcNa8","_EhV64sBFwM"]},{"userId":165398,"uploader":"IrisLikesAnimes","recommendations":["1MqRYdK67d0","Hclu8iPmGsE","ylBR1WGjfA0","-tuL6vlmIXs","J_SVVA9nvL8"]},{"userId":166525,"uploader":"JFlavius","recommendations":["zuOY_WMIvOQ","zuOOV9PKSho","zuOBDTniN8Y","zuPggRdn2fc","zuO4Z6v3730"]},{"userId":170846,"uploader":"Jonaldinho123","recommendations":["-t4rtROsTYw","tGnE_VzlHyA","7zVFUTkx5Ic","crOUfe1TvSo","SSTUtxVy6aY"]},{"userId":171272,"uploader":"Josephg727","recommendations":["-BnFgVbyaW4","fkVhOLqotBU","zwrTFLqVAm0","N81iO2VKlkE","0VYg1OHzZTI"]},{"userId":176852,"uploader":"KortoBlairVos","recommendations":["05MqVxH7Bns","Zg5exTxZY3g","8M0eIRJgzZQ","-Frd9RY0cNg","H5LnkupIQ2g"]},{"userId":177491,"uploader":"KungFuMil","recommendations":["x-iB2NtVJns","LPeUEOE-2CM","LatgmyYfQeQ","VNGJbhqSWkU","gAeYn_JxCF0"]},{"userId":180191,"uploader":"Legpost","recommendations":["Ude2G_tVHVE","trAhRaz9umg","cIXiJiQ_gko","-G97mnE_04Q","QQiSMzbSbnM"]},{"userId":181293,"uploader":"Lilrusjr","recommendations":["IalpPWYUFXs","e47n0C9oVfM","zl9Hlk-K5gY","p3SH_oPgc8Y","xTlLUXczHlw"]},{"userId":181428,"uploader":"LindseyNoelle32","recommendations":["-gWG9LxWNTw","G2fjMqiYQ7E","3sY3XL7pFuI","QYDnhgD_Q_c","6AavVSpx894"]},{"userId":183212,"uploader":"LuDaughtry","recommendations":["-63aD0aG2YU","ciavdvFD-dI","ozrXQS5TgTE","5NboAeIabo8","d7SeiUq1EfM"]},{"userId":187647,"uploader":"MarketingInteractive","recommendations":["wFbHsQYPThA","6yvxiiBmfkM","wr7uNUUxqik","1-3Zemkhkuc","W-yjS9jfn8o"]},{"userId":188017,"uploader":"MarylandQuitClub","recommendations":["Htt_5y-pGsk","WwTmb0f1vOc","2SLM3IiSH44","-CNyrIfQuzw","lqn-vwnji7c"]},{"userId":192389,"uploader":"MizPigGy60","recommendations":["77mYN_gm_X4","gjUZaRw83Ko","9GfF_2a8SNQ","HuqbKAITPso","Y1vIY-DsAPE"]},{"userId":194558,"uploader":"MugenChance","recommendations":["LiBlJmQbj08","cojgYXpuuj8","vVoQUNOLhDk","fkeZgR9NN9s","vaApRCaYYl4"]},{"userId":195189,"uploader":"MyUsersName","recommendations":["ypdQR8BCUJI","r_hLgxh8sgQ","Hx-jLnQuF1I","Qy00sSeJ9Vk","Eb1lKXb84SM"]},{"userId":196626,"uploader":"NarutimateUchiha","recommendations":["BiK7TMeSmig","LiBui0dZIn0","T7JD1Po7OHg","rERT_uCq-G0","-Qbulhcr2DE"]},{"userId":197477,"uploader":"NeoBahamut19","recommendations":["P0Yg9DYxqVE","4JppEmahp2I","S63bcTFeXaQ","5E6NA_OghqQ","tWC70NEMD8I"]},{"userId":197642,"uploader":"Neshama23","recommendations":["ku4Q3TFwavg","2k-WMMXk3pg","6MLG4JBlGjM","Mq0uWbDPho0","hgLS_d7LbW4"]},{"userId":197706,"uploader":"NetoGalo1","recommendations":["Cpg4L4PzFCo","jOa-vqPMQmg","8D8hOwn4Fec","J3cYGqO3DvU","YEJttXZLAUA"]},{"userId":197827,"uploader":"NewLine","recommendations":["UeZaaj_p4NQ","cmUZBYlcvi4","4W2l2RWHL34","wSiTxFCVHQY","yTEznO6Gm_w"]},{"userId":198232,"uploader":"NickyPlum","recommendations":["zuOY_WMIvOQ","zuOOV9PKSho","zuOBDTniN8Y","zuPggRdn2fc","zuO4Z6v3730"]},{"userId":200446,"uploader":"Odali","recommendations":["0aBGA4uY9mk","9QSsmzB8W4k","tcuDy5mEK34","8-sT8nDle6M","VOrAgdfQDoM"]},{"userId":200682,"uploader":"Okis58x","recommendations":["FnaE3qzQlO0","twQbdJUspYc","X7kf0o3fzqE","9eSN53GHW3s","zU4KB0tqUlo"]},{"userId":204172,"uploader":"Pennfan75","recommendations":["2zythsjeivA","H45Kfl-gqRs","zokHQbSHuLE","37tTyjcouBA","WGX2o4KX0A0"]},{"userId":205371,"uploader":"PinkGrease","recommendations":["-yL6Y1UDKnA","dYWIiXtMOFM","WSjmfZXoge4","5Lt1fT8Ge6w","Bbm3ZK4XFIE"]},{"userId":205484,"uploader":"PioDodici","recommendations":["-n_vjHihqzQ","4OHIz5o9gjk","UnIr_89Inbo","So-CwYNDcDo","HmsRdoGaJVg"]},{"userId":205615,"uploader":"PistolsAudun","recommendations":["nZZT12Zfwvg","-ZrckJPEm6k","UcckqhZmN0g","G2_1ejGTZzg","Qz5oKTV06Tc"]},{"userId":206863,"uploader":"PriceyGooner","recommendations":["zuOY_WMIvOQ","zuOOV9PKSho","zuOBDTniN8Y","zuPggRdn2fc","zuO4Z6v3730"]},{"userId":211338,"uploader":"Redbeard01","recommendations":["hiBDKAzUbpM","a9PYIBFgMwY","vU-Dwyl3_ZI","bxajs03Bx-I","CDMivDl4Xvw"]},{"userId":212414,"uploader":"RickMcCharles","recommendations":["hVW8W57a_6s","_2mgLJR17OI","aPLNbVSqYM0","fqsgce-SmoE","-xe0s8_jkUg"]},{"userId":212915,"uploader":"Rmorin5","recommendations":["zuOY_WMIvOQ","zuOOV9PKSho","zuOBDTniN8Y","zuPggRdn2fc","zuO4Z6v3730"]},{"userId":214416,"uploader":"Rubipphire","recommendations":["yuHCHQmIcWY","-VFssEMzOf0","ipXOUZpn5vI","tX9mrALcD_4","SoDkDrmmaU0"]},{"userId":215567,"uploader":"SHARECETHOMAS","recommendations":["OfyRUmCzXak","aKA8g_fuj4o","jX-KB7RSOUU","lmZ07uMJC-g","eOD2-AXCjIY"]},{"userId":216294,"uploader":"STEHOLDOL","recommendations":["4eCv0C0F7ig","N4zmhUeWDrs","ZBNghjEL8gg","CcxXHG1rCIs","_t-YGAyzQJU"]},{"userId":217119,"uploader":"SallyUp","recommendations":["OtO_V6K3848","7UcfHapsxXU","-W5Il3gZ5IA","X_6UHEW_tyo","1KaXkeOk7CA"]},{"userId":218655,"uploader":"Scott667","recommendations":["zuOY_WMIvOQ","zuOOV9PKSho","zuOBDTniN8Y","zuPggRdn2fc","zuO4Z6v3730"]},{"userId":221063,"uploader":"Shoenheels9836","recommendations":["zcv05af93ZA","04hMM43gfnQ","9Z7_ntMKuDY","WVrohWpDuCk","KZ4wDqAU0aU"]},{"userId":224708,"uploader":"Sparky009123","recommendations":["WAMmlvm0ANM","EqFBe72c62k","BGYES1O2tVY","1pB6ZTjWrXQ","VrDFa-kbmks"]},{"userId":228827,"uploader":"TF2MAN33","recommendations":["3UxVLfPpJyQ","U6i4nkEeoD0","N5FAidAv1j4","Y3Lj5sLJzN8","zbG_2sjyOS0"]},{"userId":229301,"uploader":"TNAmainiac","recommendations":["Oy1DOYQc0c4","-x1Q5STSwwo","4Ds4EMV5Oyg","EA-xMnlX9k8","zwefjCpNY9Q"]},{"userId":230516,"uploader":"Tatuado71","recommendations":["zuOY_WMIvOQ","zuOOV9PKSho","zuOBDTniN8Y","zuPggRdn2fc","zuO4Z6v3730"]},{"userId":231387,"uploader":"TerryKerrigan","recommendations":["zuOY_WMIvOQ","zuOOV9PKSho","zuOBDTniN8Y","zuPggRdn2fc","zuO4Z6v3730"]},{"userId":234444,"uploader":"Thundrstorm","recommendations":["qfEOupAVHtk","_LYqfxgrjEI","1xVo6jMEDac","70U7YHZohZ4","eqLrh6NO42E"]},{"userId":234755,"uploader":"Timaay419","recommendations":["4keiY1z7rJA","OU3coeZHKsY","gvFvrn0BQ5M","kM2V5rksei8","-mTCxs6ivds"]},{"userId":235742,"uploader":"Toojdwin","recommendations":["EpV8_5i34rw","oqYlJ2fzTL4","1Zxg9wv_WGg","lZ5B2O1RPqE","-kzFib-3u-0"]},{"userId":236952,"uploader":"TsarukTop","recommendations":["E7KnDbEqRYA","OU3coeZHKsY","s9WPhCy7KkY","EccGIE8RGf8","H-f4DOT5Z04"]},{"userId":240209,"uploader":"Vich25011988","recommendations":["M3ySeBzk92g","-K_XPqontbY","ahaCheV3egE","2P2E1vNbMTo","fwZcZzwx38M"]},{"userId":242886,"uploader":"WikkitJuggalo","recommendations":["GP6M-cNvDFU","aoROQiSw0ZA","y7ci1m7FwKo","CEPvFAToWkQ","aeOhFFvYlYo"]},{"userId":243795,"uploader":"WweGermanyFans","recommendations":["ekNRq2CdI0k","Ab7Tgyhe6j0","-KkYv9cawzM","4ieWMMiybTg","6wyY1YQNJBo"]},{"userId":247908,"uploader":"ZuMaui","recommendations":["kJIsN7EZAbI","So-CwYNDcDo","rfr47krJUAo","yi_Wx172cIs","tSGn7O4eK78"]},{"userId":250301,"uploader":"adamiscrazyfornbb9","recommendations":["ADh10brUcoU","UcZORVh35zM","hEeTRxqcXBk","-gx9R5vrVnk","u50RA6O_dMk"]},{"userId":254093,"uploader":"albertregalado","recommendations":["-4OC9XC2R2w","Es18WKfjg00","CgDx0_4Yl00","tUemHu2u8Gg","zDOYt1xF-20"]},{"userId":255308,"uploader":"alexsnoz","recommendations":["Z5rZhnc-nWE","wgC8Glj-dWE","-i4UvDlISt4","CUyL0vUjvJg","XDm2QzU7O24"]},{"userId":255636,"uploader":"alias9437","recommendations":["EdIPrVrGDqo","Y4K6JGsCGFQ","-IEJXsBsFKw","8AdbXQgovIM","3urp-y8keCw"]},{"userId":256332,"uploader":"allmack","recommendations":["zuOY_WMIvOQ","zuOOV9PKSho","zuOBDTniN8Y","zuPggRdn2fc","zuO4Z6v3730"]},{"userId":257536,"uploader":"amazingchelc","recommendations":["dDDld82XDCI","U96t3o9Kl3A","tYX_ErRHvrU","VmwDioZtz6A","dPSi2vWzDjY"]},{"userId":257563,"uploader":"amazon1962","recommendations":["n6z1YhWihes","Mau_4NMrERc","l5B6v3EzstM","KW1CoiprOs4","mTWz51OD7Cg"]},{"userId":262124,"uploader":"antwerpfanatic","recommendations":["Gr-evB5QABo","-8xZVask7_E","EtFnTSukofs","_sTlN5RQLxY","ycOAGMqO3wI"]},{"userId":263819,"uploader":"arndal","recommendations":["GXWdKo911Nk","Gjs8YVJHbUM","a9m4i86vGTQ","-jeL90Jl9pE","kuCYpL0rE84"]},{"userId":265334,"uploader":"aspier","recommendations":["pRBtMLc2Udo","w-Jz4gEjyjI","kKwwXUlUzTk","seKTqNVgOeg","cy_3m5bq8jY"]},{"userId":267657,"uploader":"aziaat","recommendations":["PrZKFVHIbwI","_B00YgsU6j4","3qWJ-Y3zRF4","2ebyyPm0p7o","-Hj86-YHwh8"]},{"userId":268066,"uploader":"b19tom","recommendations":["lW5qp8tjTrs","-qsbP2IGSPY","gq_Mzy1_PAw","LHgllDAzZLQ","NEThXUZlMHU"]},{"userId":268316,"uploader":"babblefishie","recommendations":["Ipv4V4kwnI0","lv9udlzk_E8","1NGTTSBJNZo","V4hO-KOGtD0","8Ga4CbMo6n0"]},{"userId":271823,"uploader":"bcykowa1992","recommendations":["mL3q4z9YM04","9dUINuEIV0U","Gjs8YVJHbUM","-e3AdoM9aYU","FkNrgGE3tvk"]},{"userId":272996,"uploader":"belleesimo","recommendations":["-7YT7168TqA","-8zqsR9Ghhw","jhBS4Lxvbsk","AfWERSHjZYE","WVrohWpDuCk"]},{"userId":273753,"uploader":"beodi","recommendations":["bUp2Jeu7DRk","kkEQdXaEmfw","Ejg3oW1eZtI","L_wKuLMu9Lo","kMG_j5Mplcs"]},{"userId":274222,"uploader":"bethnessgoescamping","recommendations":["zuOY_WMIvOQ","zuOOV9PKSho","zuOBDTniN8Y","zuPggRdn2fc","zuO4Z6v3730"]},{"userId":274770,"uploader":"bhuvans","recommendations":["zuOY_WMIvOQ","zuOOV9PKSho","zuOBDTniN8Y","zuPggRdn2fc","zuO4Z6v3730"]},{"userId":277719,"uploader":"blasterbrzeg","recommendations":["h41OQYdDZ2Q","KMmu8L1OEOM","kZTIr3c8B3g","xJ3SkAZOT-c","qHjM7Pnt-_Y"]},{"userId":278904,"uploader":"blueteenyweeny","recommendations":["_RhQVYmko7I","-nG4VPEED4o","ubt5fiJ4luY","UR9WPMk0Ueo","3sKnf4uJqpw"]},{"userId":279487,"uploader":"bobbybuttmunch","recommendations":["viCiTjJ2G_8","-tqoMz1ar9k","8cxBKAnJB2A","4DVgU4-1xyo","Lo-D6InUNuw"]},{"userId":282186,"uploader":"breadpitt","recommendations":["afpE6Bt4D88","zYOpnq6h_Ms","Fll3qeJ1lO4","--4eP3wFqWM","JJPz9cAB_9E"]},{"userId":282680,"uploader":"briannajonas","recommendations":["zuOY_WMIvOQ","zuOOV9PKSho","zuOBDTniN8Y","zuPggRdn2fc","zuO4Z6v3730"]},{"userId":283456,"uploader":"brownefountain19","recommendations":["IalpPWYUFXs","mEPnQufROww","5FalEb8cflc","2eR8KATzCww","nmonA9sgHg4"]},{"userId":283936,"uploader":"bryceHUHwhat","recommendations":["GTze3guBuAk","0GZuHuVLXYs","Usirx5VSNyQ","ffTtkivi02I","Wqifn4M4l3g"]},{"userId":284288,"uploader":"bubblegum890","recommendations":["mVz6CRtguu0","y2W-VYOSE9w","-hAEQlod1QY","q-Xkm8hczLY","zzPF4FJPqhc"]},{"userId":285963,"uploader":"c0955379735","recommendations":["Fo2tw-M8Ec8","otUA8y1vdX4","-UQPN9tJ9Yc","eSh4XBG98mY","-CGRfH6UKwI"]},{"userId":287029,"uploader":"calmeida","recommendations":["g2MFvkQFEKQ","b3PkQb8_5qw","a9wgbDytRw4","UuZEbCIAsqw","T6kDGULGH8M"]},{"userId":287087,"uploader":"calvinlowai","recommendations":["r9MVcQZM04w","6f9I43AaPXE","XCvFnuXpUbs","dioEQ2s3ojI","fShhVUkLtWo"]},{"userId":287265,"uploader":"camillawilkins","recommendations":["McDV0kW9ijM","-6RyWIU-GEQ","wNARakaLtJc","8EOlYrOVZjg","PWqzIfmoIuo"]},{"userId":287734,"uploader":"cangal22","recommendations":["FxFOgwbZmls","u9tlX9olHwQ","k9_Vl7V-P6Y","wQxTXz7IztI","yJ-46GSHMro"]},{"userId":288308,"uploader":"carbunicle","recommendations":["zuOY_WMIvOQ","zuOOV9PKSho","zuOBDTniN8Y","zuPggRdn2fc","zuO4Z6v3730"]},{"userId":289019,"uploader":"carollini","recommendations":["zuOY_WMIvOQ","zuOOV9PKSho","zuOBDTniN8Y","zuPggRdn2fc","zuO4Z6v3730"]},{"userId":289821,"uploader":"catiebabyyy","recommendations":["GVV6PGav2Yw","juJ6jIAFkXc","ux1zI6GYciY","-WqHrjoVUh8","R4D9rCHKW3M"]},{"userId":290146,"uploader":"cbdances4god","recommendations":["zuOY_WMIvOQ","zuOOV9PKSho","zuOBDTniN8Y","zuPggRdn2fc","zuO4Z6v3730"]},{"userId":290979,"uploader":"cem9567","recommendations":["lUQEue0qp1E","BFswLbGq34k","qx7oYPb7WGs","DwLM-vKLwlM","-a8OY5bY4Xc"]},{"userId":292831,"uploader":"checkitcheckcheck","recommendations":["3wYo0KdvkjE","_Q7cIj-YTfE","WPS4xHF-yhA","0yJEjtAdvsY","_bLJnyselSQ"]},{"userId":294257,"uploader":"chinesebrother25","recommendations":["QxsNqSSL9W0","-1mywVJ4Zmk","eO-auBwScJo","q-Z22QuEXnE","dVMC4eNjUvg"]},{"userId":294286,"uploader":"chingy922","recommendations":["ZvVwJzee39w","PNJU_q27yUU","s_5rmRvSLyE","uwrYt_T3Peg","-0oWpgm_Ba8"]},{"userId":294812,"uploader":"chokoladi","recommendations":["zuOY_WMIvOQ","zuOOV9PKSho","zuOBDTniN8Y","zuPggRdn2fc","zuO4Z6v3730"]},{"userId":295660,"uploader":"christine22k","recommendations":["zuOY_WMIvOQ","zuOOV9PKSho","zuOBDTniN8Y","zuPggRdn2fc","zuO4Z6v3730"]},{"userId":297587,"uploader":"clausjensen","recommendations":["zuOY_WMIvOQ","zuOOV9PKSho","zuOBDTniN8Y","zuPggRdn2fc","zuO4Z6v3730"]},{"userId":297777,"uploader":"cleoxxmwahxx","recommendations":["EE69hfidcPI","lcXfTJoAyZw","uCezL5FaM5I","-Zkl8VKemK4","u3gyH-jF0M0"]},{"userId":298328,"uploader":"cmartial","recommendations":["zuOY_WMIvOQ","zuOOV9PKSho","zuOBDTniN8Y","zuPggRdn2fc","zuO4Z6v3730"]},{"userId":300251,"uploader":"cookietruck","recommendations":["ajSDB8dsR6Y","-CJzuqON48w","ws0N59q4XJk","O4-_rcEnE_c","_ch47LTCJ3s"]},{"userId":302079,"uploader":"craziheartz12","recommendations":["WiwNGDTnccc","UvvWl4Fskmk","-oOC4bjzn6Y","vB2n_S3KTcM","yLATRn4R6JE"]},{"userId":302359,"uploader":"crazylilb047","recommendations":["Z5rZhnc-nWE","TNGr2yF7XGs","wgC8Glj-dWE","ivdWW7_lSLA","CUyL0vUjvJg"]},{"userId":305070,"uploader":"cyp4video","recommendations":["GuGFDL_hSOw","K_rdePQlh_A","fVZ_QWg-etQ","sVKDULHL__I","mArCH5BfemI"]},{"userId":307584,"uploader":"dannenberg04","recommendations":["-PMn5vO3TXM","F8qq-0WEhr8","cWWr15btsog","QHKzpbTQYzM","UlvDVoPk2nQ"]},{"userId":308917,"uploader":"darque7705","recommendations":["qKG5iwyO3Oo","yDNViNZtqSo","7Cg0C1_d0cQ","CtXWMgcgH3A","65hxA2-EroE"]},{"userId":308930,"uploader":"darren8785","recommendations":["b2eX3ozHsOY","8jJ-E2s_2bQ","Z6VRmxUWuAI","EAUwFQzuD7g","s2DN2j2WXWA"]},{"userId":309586,"uploader":"davetheflute","recommendations":["-g2d-TQWBCk","9Qyzii6TFqE","OU3coeZHKsY","WUWGCNJCHf8","gHtgPpWuQfI"]},{"userId":310280,"uploader":"dayibey","recommendations":["9_3ieSr6O0o","uDjtSUns0f0","-h0RAeIVqGo","fsszaLXNisY","YDU4Beg1H1U"]},{"userId":312261,"uploader":"delgranado","recommendations":["zuOY_WMIvOQ","zuOOV9PKSho","zuOBDTniN8Y","zuPggRdn2fc","zuO4Z6v3730"]},{"userId":314065,"uploader":"dfieldman96","recommendations":["t9CQNDYHxSs","MHL-rteer1A","PrCkGqTRBZQ","MV6aY59Ra6k","7WlKy8XGdjw"]},{"userId":315309,"uploader":"dilmarc","recommendations":["-n2Et4WnHG0","rUeKXbadSHY","tbSq3EZgwg4","vC0oS7Irxzs","xn52tV0ME_c"]},{"userId":317159,"uploader":"djmurfstunes","recommendations":["quFx_9fLizk","OU3coeZHKsY","vuY7KeoXv0Q","uKGWrW-7_6w","PvHC6s3LTiY"]},{"userId":317619,"uploader":"djxyz","recommendations":["rbM37A4ESes","0FeL5mFXfx8","SDQXUnYpDwo","g2Z9WERgtU4","-gfP-ag6i5o"]},{"userId":317871,"uploader":"dmandizzle01","recommendations":["zuOY_WMIvOQ","zuOOV9PKSho","zuOBDTniN8Y","zuPggRdn2fc","zuO4Z6v3730"]},{"userId":322095,"uploader":"dubaiandydotcom","recommendations":["FdxxXY_Vm3k","dDV9qPYY4eo","OU3coeZHKsY","rIHppvE4sIY","gwBjjaCIdE0"]},{"userId":323947,"uploader":"eatpasta","recommendations":["yG-dtYNptPg","97-WrlcenX0","BHT2dBdz-UU","1Z15KhhVM14","_GY8o-qAb08"]},{"userId":326396,"uploader":"electr1crown","recommendations":["oWDEabNx7kM","WQApgUj3gpk","5ZihduoHEAM","BgjieI94CDY","yVa2fKNqT-M"]},{"userId":327399,"uploader":"elmogotshotXD","recommendations":["OCnM6PfKVIw","5pujeV9iyII","CT586tAlXo0","wpPbmUbRhTE","YTopzvgDE6c"]},{"userId":330730,"uploader":"eskers2001","recommendations":["D5c5MYx5CWQ","U_tK954knxI","YlYLVn2erm0","c7rTDDsK2Gs","-0l212Svzys"]},{"userId":331657,"uploader":"eve130174","recommendations":["zuOY_WMIvOQ","zuOOV9PKSho","zuOBDTniN8Y","zuPggRdn2fc","zuO4Z6v3730"]},{"userId":331967,"uploader":"evilwhite500","recommendations":["-U2SOvGu_wk","Tx0gyI2AAWE","Xp6j6N7_sBc","TIXV2Ee0egA","hxSaAsB1g5A"]},{"userId":334286,"uploader":"fastandfear","recommendations":["-qLCznYZsNk","_25DvDrIjmc","ajbbxVlZSvU","g_PXtUImlSQ","YbI8OVbo0xE"]},{"userId":335704,"uploader":"fergdavies","recommendations":["b34chDCSj0I","rukdo3rA6Q8","9IHlUXb2MXE","S4ME_JNbYwM","FQe5EWDOiPM"]},{"userId":337689,"uploader":"flamefrower9","recommendations":["zuOY_WMIvOQ","zuOOV9PKSho","zuOBDTniN8Y","zuPggRdn2fc","zuO4Z6v3730"]},{"userId":339928,"uploader":"fpjs","recommendations":["zuOY_WMIvOQ","zuOOV9PKSho","zuOBDTniN8Y","zuPggRdn2fc","zuO4Z6v3730"]},{"userId":340505,"uploader":"fraser11waunboiz","recommendations":["zUpPlzeK7RM","-FFOEvtuEeE","SbgfR5xTcFY","2OaGyjlS1qQ","7l9g9iPOLuk"]},{"userId":340900,"uploader":"freebie911","recommendations":["UJhZyHCkhqk","-5OKhS8m5As","r8JZClZ3f9c","djSVGEebbzo","qHjc8RcUAnU"]},{"userId":341920,"uploader":"fstop47","recommendations":["lXz0v269Hfs","p48Pl_fjwO4","3m34xhwEjXI","rgcyZ78ir_Q","8gaWQFltLcY"]},{"userId":342622,"uploader":"funnyman128","recommendations":["SZg9RKIvO88","aSi73w2-E_A","g3Jxf2ijUrA","-Z0HRxHABMU","zQ0TZXTnPv0"]},{"userId":342993,"uploader":"fwarnet","recommendations":["wn2UUmO5DLU","OU3coeZHKsY","1d4JQ2CpNWE","ZjlgPLvyYZ0","_KJBbzMtamk"]},{"userId":343595,"uploader":"gackt13","recommendations":["tZ6L_GJBOXk","f6Hu-NrzRrc","mGNLIcAeI8w","nnhHzsM1em8","AfscndsCQ-I"]},{"userId":344024,"uploader":"gamemastervideo","recommendations":["evoZhL1tpH0","ncWzlsgz1s0","I8MSMTdSKjU","Ym5nqLfPUMs","GyJKo0nEpqE"]},{"userId":347847,"uploader":"gismo8228","recommendations":["NFpUvxAwiO0","s8T6qZ5Vs0U","svpT1O3Uxs4","wny-cY3I38E","-JUNhG2rGtI"]},{"userId":348098,"uploader":"gladiatorsonskyone","recommendations":["HiVo3PFKXBA","-Twu-GVCdas","So-CwYNDcDo","e28CjbP1okM","MirGk6gQa6Q"]},{"userId":348678,"uploader":"gnarksombre","recommendations":["-P1PPnAhBEs","PwzdqHRyvWo","w27VgHjz_Jg","JVQXQ_0tfxY","MUxrMCpoCqo"]},{"userId":348994,"uploader":"godsipod","recommendations":["zuOY_WMIvOQ","zuOOV9PKSho","zuOBDTniN8Y","zuPggRdn2fc","zuO4Z6v3730"]},{"userId":349640,"uploader":"good2bask83r","recommendations":["B5OdwL3v2Xc","MPRivBHbbg8","tcmV5033ZX4","r7rO2D21k4E","awxjhMJXZV8"]},{"userId":349907,"uploader":"goralphy","recommendations":["s5c4ltjR6pI","HOiquKuoDac","L2C_mwEDnFM","YvUXSnQM16M","r4mSSgWHCoI"]},{"userId":352703,"uploader":"guinevere2650","recommendations":["xAwFW9B0DY0","4ROiR9TfUkE","Q-VECCE7iUs","gOyufA2WNYw","-JDNIRHlnZM"]},{"userId":353452,"uploader":"guykrav","recommendations":["14pct-C3wVQ","7vXKkbs5Zkc","Q7EiGQLM6GQ","Fm8G8XcV4_g","Z_EnvO96SoE"]},{"userId":355827,"uploader":"harrismhome","recommendations":["5mEJutOF2AQ","yVsynsyw6zk","zROiM0mmyos","sqDndUYW8Hw","wxJCks8zLgM"]},{"userId":356612,"uploader":"hbk1231","recommendations":["HqX35jmNPfw","z4I38ggz3vo","vgwiA-slM4M","gfDIL7Eph7s","1fCZa2RKUVg"]},{"userId":356635,"uploader":"hbskls","recommendations":["3ANrvQC4wIk","5-e1oBnmEd8","-OZLpnaG9Jo","77ha9pZ1HPg","z2DYQF1FPOg"]},{"userId":359467,"uploader":"hisONEandONLY","recommendations":["fYY31nwjRdI","-3-608menIU","C6XMbvtBVB0","S8sdoATV7MQ","c_anquFghVs"]},{"userId":359905,"uploader":"hntruckman","recommendations":["zuOY_WMIvOQ","zuOOV9PKSho","zuOBDTniN8Y","zuPggRdn2fc","zuO4Z6v3730"]},{"userId":361610,"uploader":"howangcturtle","recommendations":["PjMscG0IFrM","IalpPWYUFXs","-DYk60xvv3s","ooC0e0rjKjU","phc7UGRAERI"]},{"userId":361824,"uploader":"hsakaiislove","recommendations":["pWE-0MGllS4","-6kYmEP8SCE","yasiWr0m6VI","v4CNBlHij9w","H6HhWIPtr7I"]},{"userId":362253,"uploader":"huhuruz","recommendations":["do02YCBxNpg","-3_kUaX1dRo","oWqZY1HRLTg","5XiBcHIzUdo","iZheaIqDa68"]},{"userId":369346,"uploader":"ispirlidadas25","recommendations":["zuOY_WMIvOQ","zuOOV9PKSho","zuOBDTniN8Y","zuPggRdn2fc","zuO4Z6v3730"]},{"userId":370623,"uploader":"jWidge","recommendations":["1JLjA6yjeHQ","7tZZhYCR_z4","-NPcsAz71Ps","4kPPtySdP6Q","W30n31-PKt4"]},{"userId":371984,"uploader":"jamaladi","recommendations":["pAbFNUiPIrE","UlpFjnBYJRM","WZ47Qr0bR_U","-btwAGpgUno","Gjs8YVJHbUM"]},{"userId":373601,"uploader":"javieralex09","recommendations":["-pcHPbeBgg8","L2Tok-Z4-f0","nZv9b0o90YY","XAnsjKnnknA","9uKQq6HodWA"]},{"userId":378397,"uploader":"jitanforc","recommendations":["SFgz15o6R_E","thbmo1_3zx8","PGGusZn23Ks","kSSg7b9vW_8","nCVNTMKDcSc"]},{"userId":380863,"uploader":"johnnyleeclary","recommendations":["xvcGBRZ6gs8","nNXRGATNtIo","nJuVkyRTDxI","NHFYeDKU8Ao","_johs48sgYg"]},{"userId":382031,"uploader":"joodlesnoodles","recommendations":["1SvZioG7O74","aARv2BZ3fqE","0yk5YZoWGRI","ddwQN-lwyYA","izPPnPc388Y"]},{"userId":383281,"uploader":"jozecuervo","recommendations":["zuOY_WMIvOQ","zuOOV9PKSho","zuOBDTniN8Y","zuPggRdn2fc","zuO4Z6v3730"]},{"userId":385404,"uploader":"junegrant","recommendations":["8CFj9z4vb3Y","e1kjC-DlFck","G3Q7oACiZp0","-06Ji3k6lls","HLRkfCEdPjY"]},{"userId":386612,"uploader":"k92kidd","recommendations":["-rkY_sedy28","J3I0ByzY6ks","4OHIz5o9gjk","HmsRdoGaJVg","uuubV7JhhPc"]},{"userId":387711,"uploader":"kamilw999","recommendations":["nDepIGJcy7A","67oucKI00Xg","-kHTWS4au9k","OU3coeZHKsY","vxSAhLyKVqw"]},{"userId":389143,"uploader":"kathysdreams","recommendations":["zuOY_WMIvOQ","zuOOV9PKSho","zuOBDTniN8Y","zuPggRdn2fc","zuO4Z6v3730"]},{"userId":389211,"uploader":"katiek68","recommendations":["zuOY_WMIvOQ","zuOOV9PKSho","zuOBDTniN8Y","zuPggRdn2fc","zuO4Z6v3730"]},{"userId":392298,"uploader":"khang6","recommendations":["sAjDMG5C7BU","-N3STMauxz4","i_IjAeYrqHM","YjpBzGHUEvc","_KkoLw8RRqU"]},{"userId":393324,"uploader":"killingwithsmile","recommendations":["zuOY_WMIvOQ","zuOOV9PKSho","zuOBDTniN8Y","zuPggRdn2fc","zuO4Z6v3730"]},{"userId":395972,"uploader":"knpb","recommendations":["756_zystvHU","VnPhEhb0qvk","KDrS2qpHH34","XvSANIgoNqI","_KEPNJMGaxQ"]},{"userId":396947,"uploader":"kornduelity","recommendations":["WOy2WPXw11A","eBI2_7HaUtQ","OU3coeZHKsY","p6W6tQNvUwg","_hRAvSmjC8k"]},{"userId":400070,"uploader":"labreludvig","recommendations":["20T4mgJg8Is","jkeeITFTBFA","mWycmhpI3mw","nK4V_FvsxYU","bMWyArv_RWw"]},{"userId":401558,"uploader":"larrybot3000","recommendations":["-E7n_79lUeU","6idtNHEBjQY","Zh2Ml3Og1HA","D_EG0FjGK1k","zkyL_i4Swro"]},{"userId":402081,"uploader":"lauraandpinkie","recommendations":["-8XMnh32CiE","4CmBnwraMxU","ZIO0e3svrQs","kXEROFH3m2I","X9NbPGzwfc0"]},{"userId":404585,"uploader":"leslieintriago","recommendations":["Kd06XPB9MYI","rOhFXPt5U_U","993Q97z0GNs","i8E0HMHSlOc","UO2xBrOo-40"]},{"userId":410255,"uploader":"lottevince","recommendations":["zuOY_WMIvOQ","zuOOV9PKSho","zuOBDTniN8Y","zuPggRdn2fc","zuO4Z6v3730"]},{"userId":410906,"uploader":"lowbrowworks","recommendations":["-mRBpN6J2uk","N4zmhUeWDrs","aDWiJ_ZIiYQ","x-uoRMQBcuk","qusgll-leUg"]},{"userId":411983,"uploader":"ludoforward","recommendations":["PXoUNK34dDQ","Q_8SguJTgHA","u50RA6O_dMk","yBao01rCCCE","s_VqbccNMD0"]},{"userId":412311,"uploader":"luizsergioneto","recommendations":["eMf5HgV1i2g","7yrXW_KDcKI","1Wsf0XrN_Rk","5ZroQ14Nxpk","D9jtlqmOlEc"]},{"userId":412343,"uploader":"lukas545","recommendations":["QUHqB_-49_s","8QYF4WI9Gl8","-Dvu7IvQvp8","hoyUlBNY6qE","t877Y3ad97c"]},{"userId":412499,"uploader":"lukeyes","recommendations":["PKSOYtcbh-Y","qKGIT42J0FI","TnA2g40zKcc","ZeDDRJVmqf0","PrdOusMwSkQ"]},{"userId":412628,"uploader":"lumbergh1982","recommendations":["OU3coeZHKsY","yTMAI37N310","6dgSask1W4o","Tfqi6GiqLfQ","HFEI5dYvsrM"]},{"userId":413500,"uploader":"lzzyl","recommendations":["P---UhTUL4Q","k5pSNs0Xbrg","se0fMusdqoc","a_tQzOI3CzA","-V4SYT3FOFQ"]},{"userId":416539,"uploader":"maltef","recommendations":["Jt_mo4Dow8c","V0L3UpA7PbY","Y1vIY-DsAPE","jXVg3K9YFAw","Tvzq0-Qe2TI"]},{"userId":422794,"uploader":"mayatron","recommendations":["uBx0wy8YHGk","zAWDo-uiW_8","7tcm4fwjjxU","BPJKHRPrnPQ","RBrb2OQeRkk"]},{"userId":423378,"uploader":"mcentertainment","recommendations":["OU3coeZHKsY","WUWGCNJCHf8","EjTbkRdEYw0","PF5ky9XCG4w","sH5H1vRNxmA"]},{"userId":430133,"uploader":"mipian","recommendations":["eNQ_Drr18G4","FPAd051_tb0","jrwqa4HACbk","fwlPiw6-HIw","ifRAq5iiNZ8"]},{"userId":431822,"uploader":"mk0706","recommendations":["PrPfhy74dRk","Dfj7EoYe49Y","E9jg_Ffm88I","0kvgcXpiX18","8eyuxoZYsl4"]},{"userId":432358,"uploader":"mmuinos","recommendations":["zuOY_WMIvOQ","zuOOV9PKSho","zuOBDTniN8Y","zuPggRdn2fc","zuO4Z6v3730"]},{"userId":432694,"uploader":"mody112","recommendations":["zuOY_WMIvOQ","zuOOV9PKSho","zuOBDTniN8Y","zuPggRdn2fc","zuO4Z6v3730"]},{"userId":435448,"uploader":"mquiles7","recommendations":["zuOY_WMIvOQ","zuOOV9PKSho","zuOBDTniN8Y","zuPggRdn2fc","zuO4Z6v3730"]},{"userId":437213,"uploader":"muhit2002","recommendations":["zuOY_WMIvOQ","zuOOV9PKSho","zuOBDTniN8Y","zuPggRdn2fc","zuO4Z6v3730"]},{"userId":441079,"uploader":"nastiker","recommendations":["XGZJC41vC4A","iJZO9HJy-T4","c7Ms_F-Gm18","VXB9tBi7RQQ","uMbsEDaYf9k"]},{"userId":441175,"uploader":"natalyesaurus","recommendations":["tHKFaGsiAXc","-eJYDnXXxuM","ZiaO-TtAV5c","K1ZOx4KCONE","LEZNPK8mPMU"]},{"userId":441962,"uploader":"ncsboss","recommendations":["WbrGcGzksEw","fYY31nwjRdI","z5bjGkYKyz0","fgp8OIhxk6Y","SQ3hvAzjGQ4"]},{"userId":444980,"uploader":"nightwidow","recommendations":["zuOY_WMIvOQ","zuOOV9PKSho","zuOBDTniN8Y","zuPggRdn2fc","zuO4Z6v3730"]},{"userId":446605,"uploader":"noelluuve","recommendations":["1-b6zWtVuHY","_VQGLM49le0","MYFYG29jL0g","8Pd-inbQj70","XxvzrUZVbKo"]},{"userId":446934,"uploader":"nonfikshun","recommendations":["OoJfseKPIaU","grq056NYjqs","IxakFguJebA","MwHze6w9m68","_ff0ri3kR4Y"]},{"userId":448376,"uploader":"nutella0810","recommendations":["-K_KvbF08Cc","mWlwAC5vM48","w3c-2civlNY","PBRLxECBI44","eMdFhN3KHiE"]},{"userId":451426,"uploader":"onetreehill773","recommendations":["MqjjQ6ebVto","ysfv8Nvqjnk","-eh3YfpRVTg","OlKJTn9Nvz8","oUrxWDzX4Aw"]},{"userId":451898,"uploader":"opa18inavi","recommendations":["zuOY_WMIvOQ","zuOOV9PKSho","zuOBDTniN8Y","zuPggRdn2fc","zuO4Z6v3730"]},{"userId":454533,"uploader":"paixjustice","recommendations":["QqdxwLtx6-o","QqZVjD6r7FM","sJQiNtqBC34","lG_Kh6pFEaw","wu2QwfxKtLs"]},{"userId":461994,"uploader":"pjdude2","recommendations":["PRqKOvMZO7s","Yt_E8eoeK-k","LlGK1EGIpGg","W4qs9YStpx0","WvuQw0oJsgI"]},{"userId":462225,"uploader":"planetcookie","recommendations":["mDx0gXkF6KI","jI6-mwJxSrE","KcwNfuEUqyI","-woSbVmMwqw","2LMxmtTkXgs"]},{"userId":462750,"uploader":"pmcd123","recommendations":["U9Jb0jIYkEI","QmEZENeU690","z5uwMXunqGI","-UD-2Em2Sxs","vkx8bNXAynY"]},{"userId":464486,"uploader":"potutinio","recommendations":["UsTbNJsSxHY","bN78t4bZUf8","MUU8hfWtYEM","qqI-X4d-MuE","G8-gSonlfY0"]},{"userId":465885,"uploader":"profhigino","recommendations":["zuOY_WMIvOQ","zuOOV9PKSho","zuOBDTniN8Y","zuPggRdn2fc","zuO4Z6v3730"]},{"userId":468165,"uploader":"qingcat","recommendations":["VPLAvKjUkXs","xLnpoB5UbpY","gQ8O3Nv0Fuw","ulY-ktdY1_A","iaPJwc9HaNs"]},{"userId":468232,"uploader":"qp67","recommendations":["jm_hE6G0mjc","te8Mv3b4Cug","HLwIqErR_AQ","2pfYXNsgtFQ","Mwb_5q9UVuE"]},{"userId":468702,"uploader":"quikkime","recommendations":["cLu7jewn_KQ","k_1CSb64pLA","LvunFer1TUI","EAUwFQzuD7g","R8o55Z2cs_A"]},{"userId":471650,"uploader":"ratuwan","recommendations":["CHOPsooYlKY","veUrW1tI2Ao","m0cO1W82BD0","-lL0YRhwG5w","vbUOxtwY_CU"]},{"userId":476668,"uploader":"riowamba","recommendations":["6x8rT07l-c4","-E4F9sQnhlI","jcwWEeG0MJg","Vv2VBri2_WM","vjijrogi_Yc"]},{"userId":476996,"uploader":"rjayslasher16","recommendations":["ddyKYuimfPs","neqkQ32RaFU","sQ0VPOvGNEQ","-owPqAK86W0","q0ZoufX0SWM"]},{"userId":478083,"uploader":"robroy234","recommendations":["wbLKsFVsWJc","9GeKH-Dq4b4","xMtyeerxyYg","yGZQt1f4GGU","1fL-yPj8wSo"]},{"userId":480792,"uploader":"rromano4444","recommendations":["toLpzLdbt7o","YeAfWYUupuU","GjOKeIYqYXo","05gksCGvTa0","8-waZNpXAI0"]},{"userId":482196,"uploader":"ryan151905","recommendations":["-dcvgFYeVXg","MO_B3XuVg94","KIdPpq9pwa0","rSMI-ZSOxYY","IhBAzwBPmAU"]},{"userId":484336,"uploader":"samantha21uk","recommendations":["EAe2ufzWBbU","bVV5CCIf6TU","es24Gehf16s","Ft1hh_WZ_mM","6tPSU30T71M"]},{"userId":488405,"uploader":"scyr","recommendations":["qdSfhT9Z7wE","bAeJhMDQEog","AuJyQziEp2U","h7qCOzyu8g8","ZpwhMiFNPcI"]},{"userId":490197,"uploader":"seriah7","recommendations":["_XJMIu18I8Y","-ouUKse4Yh8","go4grbqitSc","mk2NrItNyYs","36XDrwM-31Y"]},{"userId":491579,"uploader":"shaggy816","recommendations":["FpzT1_9pIdw","-WWQpyiwLAI","N-9zJQYLiDE","YeXrJPwRZf0","xQFDH8-_GNc"]},{"userId":492051,"uploader":"shanusomo","recommendations":["BC4hSmMFJIo","vw-yI4vKRmA","eton4wQjT0U","OU3coeZHKsY","NtfUc03GmqE"]},{"userId":492867,"uploader":"shermtheman","recommendations":["oufUWY6lDkY","-R5ghEh9J48","JrhTqIyYlYE","sn1SG-Ob2G8","V4roCEcS714"]},{"userId":493325,"uploader":"shintotchi","recommendations":["OW-D3RlSGyc","5O3XWdw6GmI","trpE6jf0Pl0","_tIhT3ufdr8","-Cfl-D23-IM"]},{"userId":493332,"uploader":"shinycameras","recommendations":["QHfVP7H-Pho","4-lwjDVBluc","0gZ6ak7_Z3U","bJVjvZpAHAk","2LgRk6QnFDk"]},{"userId":494331,"uploader":"shynepo4life101","recommendations":["-_o3s-w87n4","c6sFDsbnC2I","OU3coeZHKsY","0V_tVVQbdrw","Gjs8YVJHbUM"]},{"userId":499753,"uploader":"snarper","recommendations":["C0h134997cw","PtUHTCWPEDg","fR5YsYwdVy4","fYFz_3RHUfU","-F_hgrcK6Fs"]},{"userId":500320,"uploader":"soboulette","recommendations":["So-CwYNDcDo","Gjs8YVJHbUM","-_1FLf1nnXk","SFEF3oSZBvQ","uE8l1ucx0ZQ"]},{"userId":504957,"uploader":"st3vo28","recommendations":["zuOY_WMIvOQ","zuOOV9PKSho","zuOBDTniN8Y","zuPggRdn2fc","zuO4Z6v3730"]},{"userId":508321,"uploader":"styles0wild","recommendations":["4mdDZ-3Wiho","dYDZ9cgN3tY","XjsZWsatvNY","V2B31iwZqcU","YFCImu6i-e0"]},{"userId":508786,"uploader":"suhailgabali","recommendations":["OxsqoqHxW_o","iGp44rMKEvE","-PxosGic7DQ","5-R8lG0cOX0","p2ElRmZVo3Q"]},{"userId":510532,"uploader":"suuthunderbirds","recommendations":["zuOY_WMIvOQ","zuOOV9PKSho","zuOBDTniN8Y","zuPggRdn2fc","zuO4Z6v3730"]},{"userId":510831,"uploader":"swantombecw","recommendations":["So-CwYNDcDo","56xR6PaguIM","-wnyQRO66G0","n45jFs3F9DI","XBOKtgj1zh8"]},{"userId":512236,"uploader":"tChaset","recommendations":["zuOY_WMIvOQ","zuOOV9PKSho","zuOBDTniN8Y","zuPggRdn2fc","zuO4Z6v3730"]},{"userId":512964,"uploader":"talifeb","recommendations":["oX3ZKV9ONIc","6KXyoIP4el8","7qxeRqkVs2Q","U0uumINZz-I","JX3PjWelB2E"]},{"userId":514175,"uploader":"tayloraustin22","recommendations":["DSrl4MDUgCg","my7bQ1lAgEo","pQLwzyGcRXw","mCilisjmmlw","nLm5LB-aXFo"]},{"userId":514446,"uploader":"tcescalante","recommendations":["zuOY_WMIvOQ","zuOOV9PKSho","zuOBDTniN8Y","zuPggRdn2fc","zuO4Z6v3730"]},{"userId":516964,"uploader":"theEZtop","recommendations":["G2fjMqiYQ7E","-yYSHo_hGNY","5IZj3nTQQXo","WVrohWpDuCk","EAUwFQzuD7g"]},{"userId":517857,"uploader":"theelgrego07","recommendations":["zuOY_WMIvOQ","zuOOV9PKSho","zuOBDTniN8Y","zuPggRdn2fc","zuO4Z6v3730"]},{"userId":520225,"uploader":"thinlimitation","recommendations":["q0VUlj2U9Xs","CbKlu4MpZGg","4-lwjDVBluc","-8snRYdKVK0","2LgRk6QnFDk"]},{"userId":521107,"uploader":"tidbitties","recommendations":["-r8rrrMzLXA","4_pMesbFuQk","-hnMNFnxnIU","MjnaX2PQofI","qqnBTeKK4zc"]},{"userId":522364,"uploader":"titleistgolfer69","recommendations":["zuOY_WMIvOQ","zuOOV9PKSho","zuOBDTniN8Y","zuPggRdn2fc","zuO4Z6v3730"]},{"userId":522400,"uploader":"titoniz","recommendations":["5_PkX_VmneE","zrO5iJDJWvI","Zsbl-D-irds","_5nkGN-pBH4","H2NIgtfsKt8"]},{"userId":522503,"uploader":"tjcorp","recommendations":["zuOY_WMIvOQ","zuOOV9PKSho","zuOBDTniN8Y","zuPggRdn2fc","zuO4Z6v3730"]},{"userId":524853,"uploader":"torakon78","recommendations":["yQo17y8NYD8","-1PqJO5oNQQ","iOJWiFflHgA","Q_oi6wj6x1w","5xeyomsVX-A"]},{"userId":527530,"uploader":"tstylo","recommendations":["IqqGfjLqXjc","iApRwqiOJao","VnNBcMGih1U","bpkDJ1z-TbA","fwdURAAIBhI"]},{"userId":528514,"uploader":"tutis91","recommendations":["ADnb3vRZI10","g1eC3Y7uKyo","nhFrnQbnuoA","M6mCGKnvVxk","rwvGEQYKZsY"]},{"userId":537704,"uploader":"wakamoll","recommendations":["dS48rmnSVGI","-dp8OYy8aHc","cqyogTFKNA8","b-3R_HDyyTE","C9j1erX1fp0"]},{"userId":539185,"uploader":"webspacewalker","recommendations":["fr0FErfqlgc","lKas5zCScSs","qhEYAJOeLDE","WVrohWpDuCk","RYNJkpasoO8"]},{"userId":540134,"uploader":"whatevasista","recommendations":["zuOY_WMIvOQ","zuOOV9PKSho","zuOBDTniN8Y","zuPggRdn2fc","zuO4Z6v3730"]},{"userId":542237,"uploader":"wkat950","recommendations":["zuOY_WMIvOQ","zuOOV9PKSho","zuOBDTniN8Y","zuPggRdn2fc","zuO4Z6v3730"]},{"userId":544705,"uploader":"xLostxGirlx","recommendations":["4-lwjDVBluc","OU3coeZHKsY","cIE89i1qF5s","zKUDOjpJzvg","nHQIfk4Y_Rk"]},{"userId":544915,"uploader":"xSailorStarx","recommendations":["bPRpxN4JPv0","-0c8WRyZcbo","hDOc8cSFlCU","b6_48KiNIO8","q7-3A1GHD3A"]},{"userId":550599,"uploader":"yikuri","recommendations":["2XSKzjHoUUg","-4K6A21jaeQ","PwT_5hXP6gY","m4ofdHfTd78","GaCacPBP0so"]},{"userId":550760,"uploader":"ymserm520","recommendations":["zuOY_WMIvOQ","zuOOV9PKSho","zuOBDTniN8Y","zuPggRdn2fc","zuO4Z6v3730"]},{"userId":552272,"uploader":"yummybunny","recommendations":["2XSKzjHoUUg","6SFhUAR7ynQ","0h_0o36ECHA","JIjL2FLMAQ8","qrVbrsONFSU"]},{"userId":554014,"uploader":"zepitv","recommendations":["jzGIoHD2eZA","kWYss0TA98E","hZigHDL0PHU","dovzgRXzKu8","g4nhMdeBgc0"]}]