[
    {
        "category": "Music",
        "num_videos": 1860590,
        "avg_views": 17914.457253344368,
        "max_views": 60349673,
        "avg_length": 237.59579541973244,
        "avg_rating": 4.081231716821008
    },
    {
        "category": "Entertainment",
        "num_videos": 1746820,
        "avg_views": 13409.905112719112,
        "max_views": 65078772,
        "avg_length": 251.7512800403018,
        "avg_rating": 3.8482066268991595
    },
    {
        "category": "Comedy",
        "num_videos": 778511,
        "avg_views": 16711.689336438405,
        "max_views": 42513417,
        "avg_length": 167.94571817225446,
        "avg_rating": 3.3911804585933862
    },
    {
        "category": "Film & Animation",
        "num_videos": 666503,
        "avg_views": 12842.012897166254,
        "max_views": 9381674,
        "avg_length": 237.22686619565104,
        "avg_rating": 4.076841784658129
    },
    {
        "category": "People & Blogs",
        "num_videos": 657140,
        "avg_views": 12597.84326323158,
        "max_views": 31812447,
        "avg_length": 226.65931308396992,
        "avg_rating": 3.326572739446688
    },
    {
        "category": "Sports",
        "num_videos": 646106,
        "avg_views": 10118.54685608863,
        "max_views": 5217745,
        "avg_length": 192.93069093925766,
        "avg_rating": 3.557801196707651
    },
    {
        "category": "News & Politics",
        "num_videos": 304837,
        "avg_views": 9642.958423682165,
        "max_views": 11953598,
        "avg_length": 307.5528593969892,
        "avg_rating": 3.602900271292527
    },
    {
        "category": "Autos & Vehicles",
        "num_videos": 236117,
        "avg_views": 12204.23489202387,
        "max_views": 4859326,
        "avg_length": 140.2121787080134,
        "avg_rating": 3.3183855037968466
    },
    {
        "category": "Gadgets & Games",
        "num_videos": 229079,
        "avg_views": 5416.98972406899,
        "max_views": 3651600,
        "avg_length": 226.8777015789313,
        "avg_rating": 3.653893678599958
    },
    {
        "category": "Pets & Animals",
        "num_videos": 138797,
        "avg_views": 11214.337175875558,
        "max_views": 27721690,
        "avg_length": 120.34688790103533,
        "avg_rating": 3.2141009531906315
    },
    {
        "category": "Howto & Style",
        "num_videos": 111819,
        "avg_views": 12724.25753226196,
        "max_views": 31121122,
        "avg_length": 228.31447249572972,
        "avg_rating": 3.588295727917439
    },
    {
        "category": "Travel & Events",
        "num_videos": 74422,
        "avg_views": 7867.870562468087,
        "max_views": 4776832,
        "avg_length": 183.25293595979684,
        "avg_rating": 3.2109452849963724
    },
    {
        "category": "Travel & Places",
        "num_videos": 68630,
        "avg_views": 2213.169750837826,
        "max_views": 5231539,
        "avg_length": 270.36588955267376,
        "avg_rating": 2.57196502987032
    },
    {
        "category": "UNA",
        "num_videos": 65882,
        "avg_views": 74450.31041862724,
        "max_views": 33880568,
        "avg_length": 188.75023526911752,
        "avg_rating": 3.928940833611609
    },
    {
        "category": "Howto & DIY",
        "num_videos": 61537,
        "avg_views": 7636.562669613403,
        "max_views": 2684989,
        "avg_length": 339.9513300940897,
        "avg_rating": 3.2341389733006167
    },
    {
        "category": "Education",
        "num_videos": 53400,
        "avg_views": 5363.166198501873,
        "max_views": 2441432,
        "avg_length": 302.40906367041197,
        "avg_rating": 3.4033644194756554
    },
    {
        "category": "Science & Technology",
        "num_videos": 50288,
        "avg_views": 8064.835547247852,
        "max_views": 6220266,
        "avg_length": 221.51306474705694,
        "avg_rating": 3.3981717308304176
    },
    {
        "category": "Nonprofits & Activism",
        "num_videos": 16618,
        "avg_views": 5876.911541701769,
        "max_views": 3045060,
        "avg_length": 249.66181249247805,
        "avg_rating": 3.78827897460585
    },
    {
        "category": "Gaming",
        "num_videos": 10155,
        "avg_views": 2233.9098966026586,
        "max_views": 727015,
        "avg_length": 218.66981782373216,
        "avg_rating": 3.3380827178729677
    },
    {
        "category": "People &amp; Blogs",
        "num_videos": 19,
        "avg_views": 4565.9473684210525,
        "max_views": 15862,
        "avg_length": 193.3684210526316,
        "avg_rating": 3.6084210526315785
    },
    {
        "category": "Film &amp; Animation",
        "num_videos": 13,
        "avg_views": 2800.846153846154,
        "max_views": 11881,
        "avg_length": 155.69230769230768,
        "avg_rating": 3.7992307692307685
    },
    {
        "category": "Howto &amp; Style",
        "num_videos": 5,
        "avg_views": 4170.6,
        "max_views": 16230,
        "avg_length": 234.8,
        "avg_rating": 4.134
    },
    {
        "category": "News &amp; Politics",
        "num_videos": 5,
        "avg_views": 8349.8,
        "max_views": 27167,
        "avg_length": 236.6,
        "avg_rating": 3.6979999999999995
    },
    {
        "category": "Pets &amp; Animals",
        "num_videos": 4,
        "avg_views": 7533.75,
        "max_views": 25224,
        "avg_length": 138.5,
        "avg_rating": 3.6375
    },
    {
        "category": "Travel &amp; Events",
        "num_videos": 3,
        "avg_views": 11129.0,
        "max_views": 31499,
        "avg_length": 280.0,
        "avg_rating": 4.636666666666667
    },
    {
        "category": "Science &amp; Technology",
        "num_videos": 3,
        "avg_views": 373.3333333333333,
        "max_views": 570,
        "avg_length": 335.3333333333333,
        "avg_rating": 4.36
    },
    {
        "category": "Nonprofits &amp; Activism",
        "num_videos": 1,
        "avg_views": 912.0,
        "max_views": 912,
        "avg_length": 134.0,
        "avg_rating": 0.0
    },
    {
        "category": "Autos &amp; Vehicles",
        "num_videos": 1,
        "avg_views": 8781.0,
        "max_views": 8781,
        "avg_length": 66.0,
        "avg_rating": 4.67
    }
]