{
    "out_degree_distribution": [
        {
            "outDegree": 1,
            "count": 11535
        },
        {
            "outDegree": 2,
            "count": 8677
        },
        {
            "outDegree": 3,
            "count": 7544
        },
        {
            "outDegree": 4,
            "count": 6819
        },
        {
            "outDegree": 5,
            "count": 26171
        },
        {
            "outDegree": 6,
            "count": 6078
        },
        {
            "outDegree": 7,
            "count": 5824
        },
        {
            "outDegree": 8,
            "count": 16497
        },
        {
            "outDegree": 9,
            "count": 5260
        },
        {
            "outDegree": 10,
            "count": 5098
        },
        {
            "outDegree": 11,
            "count": 4929
        },
        {
            "outDegree": 12,
            "count": 4844
        },
        {
            "outDegree": 13,
            "count": 7336
        },
        {
            "outDegree": 14,
            "count": 134164
        },
        {
            "outDegree": 15,
            "count": 4619
        },
        {
            "outDegree": 16,
            "count": 5261
        },
        {
            "outDegree": 17,
            "count": 6944
        },
        {
            "outDegree": 18,
            "count": 13672
        },
        {
            "outDegree": 19,
            "count": 99784
        },
        {
            "outDegree": 20,
            "count": 5704122
        }
    ],
    "in_degree_distribution": [
        {
            "inDegree": 1,
            "count": 9579314
        },
        {
            "inDegree": 2,
            "count": 3877189
        },
        {
            "inDegree": 3,
            "count": 2214013
        },
        {
            "inDegree": 4,
            "count": 1471613
        },
        {
            "inDegree": 5,
            "count": 1063358
        },
        {
            "inDegree": 6,
            "count": 807585
        },
        {
            "inDegree": 7,
            "count": 636492
        },
        {
            "inDegree": 8,
            "count": 514329
        },
        {
            "inDegree": 9,
            "count": 425662
        },
        {
            "inDegree": 10,
            "count": 356146
        },
        {
            "inDegree": 11,
            "count": 300822
        },
        {
            "inDegree": 12,
            "count": 256763
        },
        {
            "inDegree": 13,
            "count": 220885
        },
        {
            "inDegree": 14,
            "count": 192280
        },
        {
            "inDegree": 15,
            "count": 167031
        },
        {
            "inDegree": 16,
            "count": 146298
        },
        {
            "inDegree": 17,
            "count": 128146
        },
        {
            "inDegree": 18,
            "count": 113510
        },
        {
            "inDegree": 19,
            "count": 101045
        },
        {
            "inDegree": 20,
            "count": 90514
        }
    ],
    "top_by_out_degree": [
        {
            "id": "u83bMnU-9tE",
            "category": "Howto & Style",
            "views": 5063,
            "outDegree": 50
        },
        {
            "id": "O9Q0t-ZiMy0",
            "category": "Howto & Style",
            "views": 4255,
            "outDegree": 50
        },
        {
            "id": "-7n66uPHBhY",
            "category": "Howto & Style",
            "views": 4572,
            "outDegree": 47
        },
        {
            "id": "jGHVJRS34IQ",
            "category": "Howto & Style",
            "views": 3346,
            "outDegree": 47
        },
        {
            "id": "5Dc4WNcJrss",
            "category": "Howto & Style",
            "views": 3989,
            "outDegree": 47
        },
        {
            "id": "HuRnJQeVa08",
            "category": "Howto & Style",
            "views": 4315,
            "outDegree": 44
        },
        {
            "id": "jyZf2I1wceU",
            "category": "Howto & Style",
            "views": 3741,
            "outDegree": 44
        },
        {
            "id": "Lh4r8ApxtLU",
            "category": "Howto & Style",
            "views": 1425,
            "outDegree": 44
        },
        {
            "id": "dxm-PtHHgto",
            "category": "Howto & Style",
            "views": 7474,
            "outDegree": 44
        },
        {
            "id": "q5FY1231ElI",
            "category": "Howto & Style",
            "views": 5071,
            "outDegree": 44
        },
        {
            "id": "0BjWLaGqEAg",
            "category": "Howto & Style",
            "views": 11539,
            "outDegree": 41
        },
        {
            "id": "xlg8XkdRAqU",
            "category": "Howto & Style",
            "views": 235328,
            "outDegree": 40
        },
        {
            "id": "1G_xxTC_UhA",
            "category": "Howto & Style",
            "views": 10482,
            "outDegree": 40
        },
        {
            "id": "2R82-oxiFB0",
            "category": "Education",
            "views": 485,
            "outDegree": 30
        },
        {
            "id": "jKn84V62WwE",
            "category": "News & Politics",
            "views": 3985,
            "outDegree": 30
        },
        {
            "id": "GwdaW4jEbck",
            "category": "Film & Animation",
            "views": 3726,
            "outDegree": 23
        },
        {
            "id": "c2bujjw50AA",
            "category": "Howto & Style",
            "views": 4447,
            "outDegree": 23
        },
        {
            "id": "RIcUuGQyv58",
            "category": "Entertainment",
            "views": 22966,
            "outDegree": 23
        },
        {
            "id": "-UBKjBP45dw",
            "category": "Entertainment",
            "views": 951,
            "outDegree": 23
        },
        {
            "id": "qvz8_cX5G3E",
            "category": "Howto & Style",
            "views": 6683,
            "outDegree": 23
        }
    ],
    "top_by_in_degree": [
        {
            "id": "E1fOa5ufPmc",
            "category": "UNA",
            "views": 3456466,
            "inDegree": 3981
        },
        {
            "id": "dMH0bHeiRNg",
            "category": "Comedy",
            "views": 42513417,
            "inDegree": 3544
        },
        {
            "id": "cQ25-glGRzI",
            "category": "Music",
            "views": 29431,
            "inDegree": 3467
        },
        {
            "id": "KMP8OSWGcss",
            "category": "Gadgets & Games",
            "views": 1761,
            "inDegree": 3402
        },
        {
            "id": "0rgQho8licc",
            "category": "Entertainment",
            "views": 1031119,
            "inDegree": 3350
        },
        {
            "id": "22uYDgZXoJQ",
            "category": "Entertainment",
            "views": 302,
            "inDegree": 2960
        },
        {
            "id": "lkRUawKehLA",
            "category": "Entertainment",
            "views": 36885,
            "inDegree": 2952
        },
        {
            "id": "Ba3N_awXcow",
            "category": "People & Blogs",
            "views": 1173174,
            "inDegree": 2933
        },
        {
            "id": "pv5zWaTEVkI",
            "category": "Music",
            "views": 11672017,
            "inDegree": 2770
        },
        {
            "id": "H1BYrSk46vg",
            "category": "Entertainment",
            "views": 20423,
            "inDegree": 2601
        },
        {
            "id": "vr3x_RRJdd4",
            "category": "Entertainment",
            "views": 10786529,
            "inDegree": 2569
        },
        {
            "id": "qcw0-Ym3IBA",
            "category": "Travel & Places",
            "views": 23728,
            "inDegree": 2528
        },
        {
            "id": "n6x7jyFAf7E",
            "category": "Sports",
            "views": 34888,
            "inDegree": 2486
        },
        {
            "id": "nypYVhnGbcQ",
            "category": "Sports",
            "views": 61824,
            "inDegree": 2473
        },
        {
            "id": "9nbeqmXEbj8",
            "category": "Autos & Vehicles",
            "views": 2073,
            "inDegree": 2451
        },
        {
            "id": "dv8eQXeishc",
            "category": "Sports",
            "views": 4519,
            "inDegree": 2421
        },
        {
            "id": "CsE1oZX3Eco",
            "category": "Travel & Places",
            "views": 15828,
            "inDegree": 2374
        },
        {
            "id": "-xEzGIuY7kw",
            "category": "Music",
            "views": 6946033,
            "inDegree": 2363
        },
        {
            "id": "JrUupfFzBrA",
            "category": "Music",
            "views": 1979,
            "inDegree": 2334
        },
        {
            "id": "QjA5faZF1A8",
            "category": "Music",
            "views": 15256922,
            "inDegree": 2332
        }
    ]
}