[
    {
        "rank": 1,
        "ID": "tjIK2xop4L0",
        "influence_score": 442.8362444365353,
        "uploader": "Mentorinho"
    },
    {
        "rank": 2,
        "ID": "SaLaotssH0w",
        "influence_score": 439.0703911764474,
        "uploader": "Mentorinho"
    },
    {
        "rank": 3,
        "ID": "hXyAZaHj9k8",
        "influence_score": 329.2778025988343,
        "uploader": "EDU6996"
    },
    {
        "rank": 4,
        "ID": "pu62YDQ_r3E",
        "influence_score": 282.86273412508837,
        "uploader": "tonydannie"
    },
    {
        "rank": 5,
        "ID": "VmtgnEXjvvI",
        "influence_score": 281.36157356105866,
        "uploader": "lemont97"
    },
    {
        "rank": 6,
        "ID": "8W3hidtL7kY",
        "influence_score": 243.46053810535858,
        "uploader": "tymjar"
    },
    {
        "rank": 7,
        "ID": "udr9sLkoZ0s",
        "influence_score": 237.1443594154187,
        "uploader": "mypctalks"
    },
    {
        "rank": 8,
        "ID": "dJHzjtj8k80",
        "influence_score": 230.57281244246752,
        "uploader": "ActionThisDay"
    },
    {
        "rank": 9,
        "ID": "kQ16_iUehhM",
        "influence_score": 230.57281244246752,
        "uploader": "ActionThisDay"
    },
    {
        "rank": 10,
        "ID": "-rg7Dl7n8bY",
        "influence_score": 224.5305878868568,
        "uploader": "gnjy"
    },
    {
        "rank": 11,
        "ID": "qu6yB9wcFG0",
        "influence_score": 223.7704042989259,
        "uploader": "tymjar"
    },
    {
        "rank": 12,
        "ID": "WxOp5mBY9IY",
        "influence_score": 219.16500807536497,
        "uploader": "peestandingup"
    },
    {
        "rank": 13,
        "ID": "hC8N9WywIqY",
        "influence_score": 217.67709703550838,
        "uploader": "hilandmileyfan"
    },
    {
        "rank": 14,
        "ID": "N7nnQFyCt9I",
        "influence_score": 206.65874639202215,
        "uploader": "allystock"
    },
    {
        "rank": 15,
        "ID": "yGbxpH3-VnA",
        "influence_score": 206.16148092821888,
        "uploader": "mhrobinson87"
    },
    {
        "rank": 16,
        "ID": "PpLmc1-jffo",
        "influence_score": 199.81242034670004,
        "uploader": "xxsawah"
    },
    {
        "rank": 17,
        "ID": "N-2C2gb6ws8",
        "influence_score": 199.20955518361293,
        "uploader": "peestandingup"
    },
    {
        "rank": 18,
        "ID": "Gulv_bvZS94",
        "influence_score": 197.47309290798765,
        "uploader": "rmfinch95616"
    },
    {
        "rank": 19,
        "ID": "B2eDuRRKsU8",
        "influence_score": 187.8060345804762,
        "uploader": "BosseN12"
    },
    {
        "rank": 20,
        "ID": "HbI6ZeEBv_Q",
        "influence_score": 168.54722494612247,
        "uploader": "VideoJug"
    },
    {
        "rank": 21,
        "ID": "sl9_K39oOl0",
        "influence_score": 163.71359736807847,
        "uploader": "omfgnici"
    },
    {
        "rank": 22,
        "ID": "BLT083Ht_7s",
        "influence_score": 162.43931930523416,
        "uploader": "xXinuyashasitXx"
    },
    {
        "rank": 23,
        "ID": "fQryd6yGrg0",
        "influence_score": 159.54799969802457,
        "uploader": "SailorScouts246824"
    },
    {
        "rank": 24,
        "ID": "pOGWGDNykDM",
        "influence_score": 157.0829067888995,
        "uploader": "tampabaydevilrays"
    },
    {
        "rank": 25,
        "ID": "lkRUawKehLA",
        "influence_score": 147.00295010107413,
        "uploader": "applemctom"
    },
    {
        "rank": 26,
        "ID": "sVFhTgY2DGU",
        "influence_score": 144.51981747050402,
        "uploader": "AJSTYLESISPHENOMENAL"
    },
    {
        "rank": 27,
        "ID": "qAYy0DECy6A",
        "influence_score": 143.39305947705088,
        "uploader": "brianconcannon"
    },
    {
        "rank": 28,
        "ID": "U2Dk1SN32sw",
        "influence_score": 139.9956085536018,
        "uploader": "AJSTYLESISPHENOMENAL"
    },
    {
        "rank": 29,
        "ID": "r54GdVl73GA",
        "influence_score": 138.33814915107104,
        "uploader": "SuperGenerous"
    },
    {
        "rank": 30,
        "ID": "zmVFnhO3A98",
        "influence_score": 138.19279000057946,
        "uploader": "Zhiurke"
    },
    {
        "rank": 31,
        "ID": "Xd3E8zgqJM4",
        "influence_score": 136.94910215044743,
        "uploader": "ojka89"
    },
    {
        "rank": 32,
        "ID": "GwssDXQDBf4",
        "influence_score": 136.17610739520592,
        "uploader": "tago98"
    },
    {
        "rank": 33,
        "ID": "hdH7eSJYvSg",
        "influence_score": 134.96990377121463,
        "uploader": "vlassco"
    },
    {
        "rank": 34,
        "ID": "ipDqWOdrwKs",
        "influence_score": 133.64898138720272,
        "uploader": "costajoaoricardo"
    },
    {
        "rank": 35,
        "ID": "pzrY0cAjckI",
        "influence_score": 132.99202650689207,
        "uploader": "teamcoltra"
    },
    {
        "rank": 36,
        "ID": "B9K4_xCg1TE",
        "influence_score": 132.10909106609188,
        "uploader": "raleighman06"
    },
    {
        "rank": 37,
        "ID": "IAHNr6GW0x8",
        "influence_score": 131.60860343133018,
        "uploader": "sakurahime07"
    },
    {
        "rank": 38,
        "ID": "O-Tt229laCE",
        "influence_score": 130.85801193115594,
        "uploader": "jakedeherrera"
    },
    {
        "rank": 39,
        "ID": "m5z9789Tbss",
        "influence_score": 129.08326351190777,
        "uploader": "universalmusicgroup"
    },
    {
        "rank": 40,
        "ID": "tIEWp5-yxGM",
        "influence_score": 127.19992601520487,
        "uploader": "nine49kid"
    },
    {
        "rank": 41,
        "ID": "_BoNhBmQqr4",
        "influence_score": 124.86222374166506,
        "uploader": "thomasphifer"
    },
    {
        "rank": 42,
        "ID": "13n8OpQS9Dg",
        "influence_score": 124.7405602089805,
        "uploader": "kommentator986"
    },
    {
        "rank": 43,
        "ID": "LvyrzQldOKE",
        "influence_score": 123.25143502488358,
        "uploader": "419eater"
    },
    {
        "rank": 44,
        "ID": "fw2aotzij48",
        "influence_score": 121.80542017777813,
        "uploader": "ropen5555"
    },
    {
        "rank": 45,
        "ID": "tjDezi3OADw",
        "influence_score": 121.20647155249817,
        "uploader": "brianconcannon"
    },
    {
        "rank": 46,
        "ID": "mvn8165I1Kc",
        "influence_score": 121.02245753217812,
        "uploader": "feezle"
    },
    {
        "rank": 47,
        "ID": "BZkGxMd8yzc",
        "influence_score": 120.61759192908681,
        "uploader": "Opheicus"
    },
    {
        "rank": 48,
        "ID": "9nbeqmXEbj8",
        "influence_score": 120.19465028599826,
        "uploader": "jeremyfaas"
    },
    {
        "rank": 49,
        "ID": "FobwZPaM6Ds",
        "influence_score": 119.48816165104999,
        "uploader": "SilenthunterGER"
    },
    {
        "rank": 50,
        "ID": "y6k2ZAt-Rx0",
        "influence_score": 117.88810621324902,
        "uploader": "Drakortha"
    },
    {
        "rank": 51,
        "ID": "PbUtL_0vAJk",
        "influence_score": 117.05995223013572,
        "uploader": "superjsuh"
    },
    {
        "rank": 52,
        "ID": "UW_1CvDFYVg",
        "influence_score": 114.20664404506105,
        "uploader": "mileymandy"
    },
    {
        "rank": 53,
        "ID": "98TTcUGl7gs",
        "influence_score": 113.32362116485787,
        "uploader": "J2383"
    },
    {
        "rank": 54,
        "ID": "dMvFtS6tUJQ",
        "influence_score": 110.84981482577157,
        "uploader": "romeoka"
    },
    {
        "rank": 55,
        "ID": "OymELsf6JG4",
        "influence_score": 109.18807967837856,
        "uploader": "Danswildworld"
    },
    {
        "rank": 56,
        "ID": "YChQQJH3-G8",
        "influence_score": 107.76313673611232,
        "uploader": "breakfree4680"
    },
    {
        "rank": 57,
        "ID": "nPLOiBM8hLk",
        "influence_score": 106.35694400623468,
        "uploader": "Skariko"
    },
    {
        "rank": 58,
        "ID": "7rdYtXn9eUk",
        "influence_score": 106.0401903112323,
        "uploader": "universalmusicgroup"
    },
    {
        "rank": 59,
        "ID": "xreVdOwKMoE",
        "influence_score": 105.85696092381268,
        "uploader": "begz85"
    },
    {
        "rank": 60,
        "ID": "9QU_0kqadB0",
        "influence_score": 105.22393904487392,
        "uploader": "raleighman06"
    },
    {
        "rank": 61,
        "ID": "X43r2W_uM9g",
        "influence_score": 105.04692925067624,
        "uploader": "universalmusicgroup"
    },
    {
        "rank": 62,
        "ID": "E1uKcqesYi4",
        "influence_score": 104.51355842263857,
        "uploader": "tlg847"
    },
    {
        "rank": 63,
        "ID": "bN5gKfv5dqk",
        "influence_score": 103.16543317733378,
        "uploader": "Vicca"
    },
    {
        "rank": 64,
        "ID": "GCjSwr7zYtE",
        "influence_score": 102.53807137546933,
        "uploader": "BigK62"
    },
    {
        "rank": 65,
        "ID": "gq7r3F1SoX0",
        "influence_score": 101.98892417114338,
        "uploader": "benhiler"
    },
    {
        "rank": 66,
        "ID": "pwadyNi6FoY",
        "influence_score": 101.59029134508356,
        "uploader": "fidapu"
    },
    {
        "rank": 67,
        "ID": "ig8CEdEDz88",
        "influence_score": 100.7256310861009,
        "uploader": "mileymandy"
    },
    {
        "rank": 68,
        "ID": "y1aIWCVtiWY",
        "influence_score": 100.05092861444982,
        "uploader": "brianconcannon"
    },
    {
        "rank": 69,
        "ID": "ABa-7qkItUg",
        "influence_score": 99.50280100460793,
        "uploader": "paulinhofc1"
    },
    {
        "rank": 70,
        "ID": "U8J4RdX5H8Y",
        "influence_score": 99.2289420252516,
        "uploader": "yahudi1"
    },
    {
        "rank": 71,
        "ID": "KPR-ZFt_qbw",
        "influence_score": 97.46333766200432,
        "uploader": "CrazyIvan1745"
    },
    {
        "rank": 72,
        "ID": "SGjtuERmNGI",
        "influence_score": 97.39598563316608,
        "uploader": "vezecs"
    },
    {
        "rank": 73,
        "ID": "AM1IfhFUpf4",
        "influence_score": 97.22314627280527,
        "uploader": "CABBOSE"
    },
    {
        "rank": 74,
        "ID": "Z4v3uTOlfFY",
        "influence_score": 96.6752319676954,
        "uploader": "panipori"
    },
    {
        "rank": 75,
        "ID": "yPjplnt3nQg",
        "influence_score": 95.87494907793733,
        "uploader": "panipori"
    },
    {
        "rank": 76,
        "ID": "LMUwJkaKTdY",
        "influence_score": 95.8108856204711,
        "uploader": "ognl"
    },
    {
        "rank": 77,
        "ID": "x0fCLjQuzTA",
        "influence_score": 95.54702003097093,
        "uploader": "lucas4293"
    },
    {
        "rank": 78,
        "ID": "G1rTJoP-BMw",
        "influence_score": 94.86107077087094,
        "uploader": "mileymandy"
    },
    {
        "rank": 79,
        "ID": "K2cYWfq--Nw",
        "influence_score": 94.3787291831458,
        "uploader": "FrEckleStudios"
    },
    {
        "rank": 80,
        "ID": "ROPjV0LP7uo",
        "influence_score": 93.7650393835558,
        "uploader": "Ly0n4"
    },
    {
        "rank": 81,
        "ID": "qSWV9Zg_qQI",
        "influence_score": 93.28755007186531,
        "uploader": "fmgoss"
    },
    {
        "rank": 82,
        "ID": "gbnWhzzT3mA",
        "influence_score": 92.76970362083583,
        "uploader": "dicktheripper"
    },
    {
        "rank": 83,
        "ID": "1SpanbKnMFI",
        "influence_score": 92.40524271177829,
        "uploader": "weightlosses"
    },
    {
        "rank": 84,
        "ID": "tyAvaLsLFl8",
        "influence_score": 92.31130423921194,
        "uploader": "Twisty666"
    },
    {
        "rank": 85,
        "ID": "2Xb3bDwE9jQ",
        "influence_score": 92.13223513962669,
        "uploader": "magogami"
    },
    {
        "rank": 86,
        "ID": "MZtNQGywAhw",
        "influence_score": 91.2794960579532,
        "uploader": "tymjar"
    },
    {
        "rank": 87,
        "ID": "ll0sbNM0c_0",
        "influence_score": 91.03282207672383,
        "uploader": "toytrains1"
    },
    {
        "rank": 88,
        "ID": "xO0gSJGJ7Fs",
        "influence_score": 89.03787343075972,
        "uploader": "CheeseMuffin2"
    },
    {
        "rank": 89,
        "ID": "gPutYwiiE0o",
        "influence_score": 86.97994879051417,
        "uploader": "markleung"
    },
    {
        "rank": 90,
        "ID": "LVCb52iQrfo",
        "influence_score": 86.33724564273729,
        "uploader": "champaR"
    },
    {
        "rank": 91,
        "ID": "GaAvNHWjInM",
        "influence_score": 85.81934280376217,
        "uploader": "HKA"
    },
    {
        "rank": 92,
        "ID": "_daLX3joKn8",
        "influence_score": 85.6855558000047,
        "uploader": "Blackmister"
    },
    {
        "rank": 93,
        "ID": "crfrKqFp0Zg",
        "influence_score": 85.42645540107034,
        "uploader": "freedomworksfilms"
    },
    {
        "rank": 94,
        "ID": "lGZcQjNxr64",
        "influence_score": 84.35428581580037,
        "uploader": "spacklemire"
    },
    {
        "rank": 95,
        "ID": "ShFHNBocJgw",
        "influence_score": 83.2500271746851,
        "uploader": "HanMono"
    },
    {
        "rank": 96,
        "ID": "FNhhjMstzD8",
        "influence_score": 82.58478833197708,
        "uploader": "Opheicus"
    },
    {
        "rank": 97,
        "ID": "Ok-SBjmdxoI",
        "influence_score": 81.18562911471015,
        "uploader": "siobhs182"
    },
    {
        "rank": 98,
        "ID": "2a7INoKZT1k",
        "influence_score": 80.99111485105314,
        "uploader": "universalmusicgroup"
    },
    {
        "rank": 99,
        "ID": "SlQ0bWSzxmk",
        "influence_score": 80.58827802509731,
        "uploader": "despotaaa"
    },
    {
        "rank": 100,
        "ID": "-ZBoPlCzuRY",
        "influence_score": 80.3895614014215,
        "uploader": "JonasBrothersMusic"
    },
    {
        "rank": 101,
        "ID": "jeUAmeXo8RE",
        "influence_score": 79.8190402804837,
        "uploader": "RedeemerProductions"
    },
    {
        "rank": 102,
        "ID": "ASFFG9SoahA",
        "influence_score": 79.56775621131659,
        "uploader": "universalmusicgroup"
    },
    {
        "rank": 103,
        "ID": "38M00646CXU",
        "influence_score": 79.525430611859,
        "uploader": "aDifferentView"
    },
    {
        "rank": 104,
        "ID": "zH5tNX-shgw",
        "influence_score": 79.2539480934521,
        "uploader": "sonybmg"
    },
    {
        "rank": 105,
        "ID": "1gMOK6yZqfs",
        "influence_score": 79.2539480934521,
        "uploader": "sonybmg"
    },
    {
        "rank": 106,
        "ID": "sYGVf5KMqnw",
        "influence_score": 77.88910964568058,
        "uploader": "blacknepal"
    },
    {
        "rank": 107,
        "ID": "WYTwLnPBdBk",
        "influence_score": 77.66650246471544,
        "uploader": "prfedmar"
    },
    {
        "rank": 108,
        "ID": "wV2mqnOEVMs",
        "influence_score": 77.3269253733677,
        "uploader": "pursebuzz"
    },
    {
        "rank": 109,
        "ID": "LhIBtVBNgJw",
        "influence_score": 77.32632342519192,
        "uploader": "Locoabouthockey"
    },
    {
        "rank": 110,
        "ID": "ch314yEGVQI",
        "influence_score": 76.98649629784654,
        "uploader": "xjpisdamanx"
    },
    {
        "rank": 111,
        "ID": "8TX9Ms7AInA",
        "influence_score": 75.70750606651704,
        "uploader": "Rawshik"
    },
    {
        "rank": 112,
        "ID": "Ss-6hJhtV3M",
        "influence_score": 75.56817163296077,
        "uploader": "eistiz"
    },
    {
        "rank": 113,
        "ID": "ars1NwC6nls",
        "influence_score": 75.43198199456795,
        "uploader": "mikemartello"
    },
    {
        "rank": 114,
        "ID": "25OA2jrRO_s",
        "influence_score": 75.30004120813766,
        "uploader": "RegulatedDeath"
    },
    {
        "rank": 115,
        "ID": "qqU_uh4QxRY",
        "influence_score": 75.29431877183468,
        "uploader": "MadThane"
    },
    {
        "rank": 116,
        "ID": "yrtLNaEdcCE",
        "influence_score": 75.2133050509886,
        "uploader": "uzdandabsd"
    },
    {
        "rank": 117,
        "ID": "pJsDfLndlKU",
        "influence_score": 75.03574809550665,
        "uploader": "impytherap"
    },
    {
        "rank": 118,
        "ID": "kH0v7QEcFs0",
        "influence_score": 74.59153807678369,
        "uploader": "BadBoyRecords"
    },
    {
        "rank": 119,
        "ID": "0zj39SnEtDQ",
        "influence_score": 74.1670505241233,
        "uploader": "fivealex2007"
    },
    {
        "rank": 120,
        "ID": "SltOy_F6ZII",
        "influence_score": 73.82174411956593,
        "uploader": "ChallengingMedia"
    },
    {
        "rank": 121,
        "ID": "AJtlDvKku50",
        "influence_score": 73.66741339950914,
        "uploader": "jono03"
    },
    {
        "rank": 122,
        "ID": "0GT7ti8LZ6A",
        "influence_score": 73.62713621259302,
        "uploader": "ChallengingMedia"
    },
    {
        "rank": 123,
        "ID": "0MPg7nCeLBE",
        "influence_score": 73.14468146323576,
        "uploader": "buildthedream"
    },
    {
        "rank": 124,
        "ID": "T5jbDj5kmY8",
        "influence_score": 72.74026420791736,
        "uploader": "RedLightFilms"
    },
    {
        "rank": 125,
        "ID": "kwNCw3OVbKA",
        "influence_score": 72.42777612804174,
        "uploader": "trentcantdance"
    },
    {
        "rank": 126,
        "ID": "6830PSX4aqQ",
        "influence_score": 72.40280229081837,
        "uploader": "djdelboy"
    },
    {
        "rank": 127,
        "ID": "ykFdLbxJPds",
        "influence_score": 72.37877235507517,
        "uploader": "kcrandall71"
    },
    {
        "rank": 128,
        "ID": "bYg39Lnjc_0",
        "influence_score": 72.04482523000866,
        "uploader": "nouhcs52"
    },
    {
        "rank": 129,
        "ID": "5LOl1ekBhrU",
        "influence_score": 71.77962371916078,
        "uploader": "PabloBatistaner"
    },
    {
        "rank": 130,
        "ID": "W-s_e61hkys",
        "influence_score": 71.56968132257678,
        "uploader": "xHproductionsx"
    },
    {
        "rank": 131,
        "ID": "1h6QJkNhuOI",
        "influence_score": 71.54794603971375,
        "uploader": "AllyandMaddi"
    },
    {
        "rank": 132,
        "ID": "G5fZky7Nm1k",
        "influence_score": 70.58061250254073,
        "uploader": "xHproductionsx"
    },
    {
        "rank": 133,
        "ID": "LHiiX8wZNe0",
        "influence_score": 70.23786757142612,
        "uploader": "muzikent"
    },
    {
        "rank": 134,
        "ID": "AjNn9SSEvV0",
        "influence_score": 69.74647112404551,
        "uploader": "batus671"
    },
    {
        "rank": 135,
        "ID": "u6_DQQjLsAw",
        "influence_score": 69.5086430263391,
        "uploader": "katiesopinion"
    },
    {
        "rank": 136,
        "ID": "7TSYMYfZhCo",
        "influence_score": 69.423450703446,
        "uploader": "danc3forliife"
    },
    {
        "rank": 137,
        "ID": "bqAMoOufevw",
        "influence_score": 69.24906698895191,
        "uploader": "run2daylight"
    },
    {
        "rank": 138,
        "ID": "_rl3w6g1CGc",
        "influence_score": 69.03487502877749,
        "uploader": "ilovegerardo"
    },
    {
        "rank": 139,
        "ID": "8MiI4YT41rE",
        "influence_score": 68.7201343299952,
        "uploader": "EhCanadianKid1"
    },
    {
        "rank": 140,
        "ID": "0GU1Dpj2WlI",
        "influence_score": 68.36219102709609,
        "uploader": "durjoy"
    },
    {
        "rank": 141,
        "ID": "2OyH7_K8odo",
        "influence_score": 68.01802384153676,
        "uploader": "alexayora"
    },
    {
        "rank": 142,
        "ID": "xzKHQX59Wso",
        "influence_score": 67.83962421955086,
        "uploader": "whadeva"
    },
    {
        "rank": 143,
        "ID": "CvRiyCip7z0",
        "influence_score": 67.7590937789433,
        "uploader": "hezadoff"
    },
    {
        "rank": 144,
        "ID": "buIkPVqys1U",
        "influence_score": 67.7461238637856,
        "uploader": "chrischaaan4321"
    },
    {
        "rank": 145,
        "ID": "CEAbi3nbbuE",
        "influence_score": 67.7210671570268,
        "uploader": "mike194"
    },
    {
        "rank": 146,
        "ID": "RN6zl5iZnVM",
        "influence_score": 67.7191886593248,
        "uploader": "ludwiczek91"
    },
    {
        "rank": 147,
        "ID": "Nn5jlrxcpkI",
        "influence_score": 67.46342406369935,
        "uploader": "arommendahl"
    },
    {
        "rank": 148,
        "ID": "OGS7tMjt13E",
        "influence_score": 67.45373886570682,
        "uploader": "tymjar"
    },
    {
        "rank": 149,
        "ID": "KTW0cKqxbSw",
        "influence_score": 67.32778293099828,
        "uploader": "LouieChucowski"
    },
    {
        "rank": 150,
        "ID": "NbcNpWPyFTo",
        "influence_score": 67.17709713548085,
        "uploader": "Sasuke1992"
    },
    {
        "rank": 151,
        "ID": "6s6_XnSNWOc",
        "influence_score": 67.11262052794714,
        "uploader": "wuLFe79"
    },
    {
        "rank": 152,
        "ID": "vVeVlvX2Jho",
        "influence_score": 66.9340228764784,
        "uploader": "samlyh"
    },
    {
        "rank": 153,
        "ID": "zBsxqQIu_5s",
        "influence_score": 66.1416476024618,
        "uploader": "NormanRichartz"
    },
    {
        "rank": 154,
        "ID": "2ccm0wvWugU",
        "influence_score": 66.05967868677305,
        "uploader": "warnerbrosrecords"
    },
    {
        "rank": 155,
        "ID": "eFT99jZ2KRc",
        "influence_score": 65.85867939178833,
        "uploader": "RAMADAN2010"
    },
    {
        "rank": 156,
        "ID": "3sR6k2KICgw",
        "influence_score": 65.85867939178833,
        "uploader": "WishUponACrystalStar"
    },
    {
        "rank": 157,
        "ID": "3ts0eH8CnYM",
        "influence_score": 65.79268514343768,
        "uploader": "alphabeta2"
    },
    {
        "rank": 158,
        "ID": "L_w-YWwC1lI",
        "influence_score": 65.6651622792502,
        "uploader": "XENUTV"
    },
    {
        "rank": 159,
        "ID": "AfZl35U8Q04",
        "influence_score": 65.48170504646433,
        "uploader": "dascorpioking09"
    },
    {
        "rank": 160,
        "ID": "NnKBPfkl13o",
        "influence_score": 65.0928678226333,
        "uploader": "senorsquirrel"
    },
    {
        "rank": 161,
        "ID": "kUxVpP5VjTw",
        "influence_score": 65.05421386107612,
        "uploader": "Random212"
    },
    {
        "rank": 162,
        "ID": "g5KyD6QnVVM",
        "influence_score": 65.04158092092304,
        "uploader": "muzikent"
    },
    {
        "rank": 163,
        "ID": "tpbGuuGosAY",
        "influence_score": 64.59214605948854,
        "uploader": "eternal888B"
    },
    {
        "rank": 164,
        "ID": "1k9VPIPwX5c",
        "influence_score": 64.44469961427083,
        "uploader": "gorgiax"
    },
    {
        "rank": 165,
        "ID": "UiG5y6rN30M",
        "influence_score": 64.09229303094972,
        "uploader": "ChillyGolemX"
    },
    {
        "rank": 166,
        "ID": "sdkzWbSWZq8",
        "influence_score": 64.03729724209163,
        "uploader": "warnerbrosrecords"
    },
    {
        "rank": 167,
        "ID": "AMojl3i0CfQ",
        "influence_score": 63.85285009008641,
        "uploader": "Moonlight181"
    },
    {
        "rank": 168,
        "ID": "l-So7cmFWrU",
        "influence_score": 63.85285009008641,
        "uploader": "Vicca"
    },
    {
        "rank": 169,
        "ID": "uPhDtXSg9CE",
        "influence_score": 63.7659537311563,
        "uploader": "BadBoyRecords"
    },
    {
        "rank": 170,
        "ID": "0MC8bpRXY98",
        "influence_score": 63.66022152883822,
        "uploader": "capo420420"
    },
    {
        "rank": 171,
        "ID": "GVeW-AbDo1U",
        "influence_score": 63.50478303762067,
        "uploader": "bstronga"
    },
    {
        "rank": 172,
        "ID": "L7MTzJ4iV_w",
        "influence_score": 63.48909178558245,
        "uploader": "Rubberducky451"
    },
    {
        "rank": 173,
        "ID": "zBe3BwPKl00",
        "influence_score": 63.4846777633718,
        "uploader": "srisecure"
    },
    {
        "rank": 174,
        "ID": "XvFrxNdqkcU",
        "influence_score": 63.41062877688156,
        "uploader": "BeautifulTrees"
    },
    {
        "rank": 175,
        "ID": "RW-0KntuLS4",
        "influence_score": 63.33804467552168,
        "uploader": "AngelSkyExits"
    },
    {
        "rank": 176,
        "ID": "ffrq6cUoE5A",
        "influence_score": 63.07887308020294,
        "uploader": "cliptacular"
    },
    {
        "rank": 177,
        "ID": "-zXWEmnCMBA",
        "influence_score": 62.85535770346871,
        "uploader": "avizena867"
    },
    {
        "rank": 178,
        "ID": "-LkWKvMCzqA",
        "influence_score": 62.63727061304344,
        "uploader": "NewLine"
    },
    {
        "rank": 179,
        "ID": "LMR-FrvMwUA",
        "influence_score": 62.51871411177054,
        "uploader": "oldbinny"
    },
    {
        "rank": 180,
        "ID": "VfqRppZg6SY",
        "influence_score": 62.461503527528784,
        "uploader": "OldHistorical"
    },
    {
        "rank": 181,
        "ID": "KiR838VOCrA",
        "influence_score": 62.22397738437662,
        "uploader": "hebzred"
    },
    {
        "rank": 182,
        "ID": "k8i37ScyXIQ",
        "influence_score": 62.19718295466288,
        "uploader": "NoisyBeast"
    },
    {
        "rank": 183,
        "ID": "JVciSFc5Wrw",
        "influence_score": 61.84146631419285,
        "uploader": "Chevelleychic"
    },
    {
        "rank": 184,
        "ID": "WJzLYNDXl1I",
        "influence_score": 61.7903975484567,
        "uploader": "BadBoyRecords"
    },
    {
        "rank": 185,
        "ID": "rC8VzVmNPOI",
        "influence_score": 61.777239972965,
        "uploader": "kagatakeshi"
    },
    {
        "rank": 186,
        "ID": "7LjMK-PsEXQ",
        "influence_score": 61.72469832773465,
        "uploader": "SirChuckers"
    },
    {
        "rank": 187,
        "ID": "F957Dv0HdzA",
        "influence_score": 61.650139664175455,
        "uploader": "srisecure"
    },
    {
        "rank": 188,
        "ID": "xa4A3UxWpc0",
        "influence_score": 61.58107080029174,
        "uploader": "cvonroesgen"
    },
    {
        "rank": 189,
        "ID": "LeZIIgbPzzI",
        "influence_score": 61.54820176791858,
        "uploader": "jaydee227"
    },
    {
        "rank": 190,
        "ID": "8h7HtTXifps",
        "influence_score": 61.3445071989367,
        "uploader": "morlais"
    },
    {
        "rank": 191,
        "ID": "CicQxDvx150",
        "influence_score": 61.30000935607027,
        "uploader": "joystiq"
    },
    {
        "rank": 192,
        "ID": "xPA-LjSIlsM",
        "influence_score": 61.12266446949514,
        "uploader": "Doener235"
    },
    {
        "rank": 193,
        "ID": "pLHYF0BExu8",
        "influence_score": 61.08118938320955,
        "uploader": "RomneyWordsworth"
    },
    {
        "rank": 194,
        "ID": "LPQ0_ugFX3A",
        "influence_score": 60.994106924015895,
        "uploader": "AlexKitch"
    },
    {
        "rank": 195,
        "ID": "UEs5nZNazgc",
        "influence_score": 60.768914025079184,
        "uploader": "mrsoza"
    },
    {
        "rank": 196,
        "ID": "qehtUJ7NXwg",
        "influence_score": 60.62190670235422,
        "uploader": "ufc"
    },
    {
        "rank": 197,
        "ID": "BbmRw-ymOnk",
        "influence_score": 60.61521587291898,
        "uploader": "ufc"
    },
    {
        "rank": 198,
        "ID": "4Q9xM7EaVTY",
        "influence_score": 60.59542507979702,
        "uploader": "NintendoCult"
    },
    {
        "rank": 199,
        "ID": "69jGxkHMwOs",
        "influence_score": 60.540454335167496,
        "uploader": "DuctTapeMyFace"
    },
    {
        "rank": 200,
        "ID": "JH2d6PiSMzI",
        "influence_score": 60.438348366460204,
        "uploader": "ReelzChannel"
    },
    {
        "rank": 201,
        "ID": "nzRmqg7Ye0M",
        "influence_score": 60.23573885971737,
        "uploader": "colonelblair"
    },
    {
        "rank": 202,
        "ID": "cgAuxKhyfvQ",
        "influence_score": 60.221062745482186,
        "uploader": "mrbobbie"
    },
    {
        "rank": 203,
        "ID": "UBmajjf5WKE",
        "influence_score": 60.132210026326185,
        "uploader": "deldea"
    },
    {
        "rank": 204,
        "ID": "nAs2wiCqQlI",
        "influence_score": 59.94420099154237,
        "uploader": "bellztoll"
    },
    {
        "rank": 205,
        "ID": "Vn09HRF6guo",
        "influence_score": 59.882620894581066,
        "uploader": "mikemartello"
    },
    {
        "rank": 206,
        "ID": "TLB-x4C5MEo",
        "influence_score": 59.764778157987564,
        "uploader": "Brutal561E"
    },
    {
        "rank": 207,
        "ID": "mDvCcrU-Ob8",
        "influence_score": 59.75612896653829,
        "uploader": "kdog59"
    },
    {
        "rank": 208,
        "ID": "qIJuYpe2BHA",
        "influence_score": 59.72487404321259,
        "uploader": "sgssTube"
    },
    {
        "rank": 209,
        "ID": "4kCGbAUaEZw",
        "influence_score": 59.56066218005345,
        "uploader": "herbuckji"
    },
    {
        "rank": 210,
        "ID": "SszCLDM4PF8",
        "influence_score": 59.47716510231057,
        "uploader": "gunner704"
    },
    {
        "rank": 211,
        "ID": "p0EcDa_XLrc",
        "influence_score": 59.254527245598986,
        "uploader": "inuyashafan0"
    },
    {
        "rank": 212,
        "ID": "NRpD5cSj3ow",
        "influence_score": 58.895788687592926,
        "uploader": "cherezov"
    },
    {
        "rank": 213,
        "ID": "NGeHnQiqHg0",
        "influence_score": 58.424113898761156,
        "uploader": "SirChuckers"
    },
    {
        "rank": 214,
        "ID": "daoUblr7VKI",
        "influence_score": 58.26178525497229,
        "uploader": "Iz07"
    },
    {
        "rank": 215,
        "ID": "4WAapKx2TvM",
        "influence_score": 58.191637495908616,
        "uploader": "universalmusicgroup"
    },
    {
        "rank": 216,
        "ID": "UBDwXp5Yfcg",
        "influence_score": 58.107616272484755,
        "uploader": "begz85"
    },
    {
        "rank": 217,
        "ID": "WKhuMJh3Byo",
        "influence_score": 57.88382885871502,
        "uploader": "akibonn"
    },
    {
        "rank": 218,
        "ID": "woY-UtjWz1A",
        "influence_score": 57.84146124109944,
        "uploader": "analihilator"
    },
    {
        "rank": 219,
        "ID": "vr8_OKpV4UI",
        "influence_score": 57.1823049943663,
        "uploader": "speakerfreaxx"
    },
    {
        "rank": 220,
        "ID": "UxDY-hl-Z_g",
        "influence_score": 56.95201870074158,
        "uploader": "umairali"
    },
    {
        "rank": 221,
        "ID": "RweuqX-m3X0",
        "influence_score": 56.836671340031835,
        "uploader": "darkiny"
    },
    {
        "rank": 222,
        "ID": "jj07hq4__dY",
        "influence_score": 56.77758027315237,
        "uploader": "xXDarkVampXx"
    },
    {
        "rank": 223,
        "ID": "8kexIcqbZME",
        "influence_score": 56.47562630866179,
        "uploader": "Arcticwaters"
    },
    {
        "rank": 224,
        "ID": "G1-W2myL1g8",
        "influence_score": 56.40355641014781,
        "uploader": "lancetrumbull"
    },
    {
        "rank": 225,
        "ID": "dPYmDZw-hqg",
        "influence_score": 56.33123824281345,
        "uploader": "djemre"
    },
    {
        "rank": 226,
        "ID": "I1oot3W5McU",
        "influence_score": 56.25251880691653,
        "uploader": "yvesslinda"
    },
    {
        "rank": 227,
        "ID": "gHkkSmalFNw",
        "influence_score": 56.17331236752152,
        "uploader": "tdenesha"
    },
    {
        "rank": 228,
        "ID": "sfNu_fdY5rI",
        "influence_score": 56.00057117219556,
        "uploader": "buzdolabi2"
    },
    {
        "rank": 229,
        "ID": "Qk54P74qg0o",
        "influence_score": 55.94028056531165,
        "uploader": "Elk444"
    },
    {
        "rank": 230,
        "ID": "gdADdEKJ1z8",
        "influence_score": 55.876084299634734,
        "uploader": "DarknessWhispers"
    },
    {
        "rank": 231,
        "ID": "dnxjGajndb0",
        "influence_score": 55.68980272823311,
        "uploader": "Maxbrit"
    },
    {
        "rank": 232,
        "ID": "A3_v7SnHSEM",
        "influence_score": 55.66510673395527,
        "uploader": "aralechan05"
    },
    {
        "rank": 233,
        "ID": "Jvn-987kRXY",
        "influence_score": 55.618278817907935,
        "uploader": "redlite"
    },
    {
        "rank": 234,
        "ID": "SPap8ijDv5g",
        "influence_score": 55.439272179620154,
        "uploader": "pablosci"
    },
    {
        "rank": 235,
        "ID": "8h29hmmsMhM",
        "influence_score": 55.183557529161796,
        "uploader": "volkswagen128"
    },
    {
        "rank": 236,
        "ID": "FmcqH-yehDM",
        "influence_score": 55.11622925808487,
        "uploader": "avizena867"
    },
    {
        "rank": 237,
        "ID": "8wtQ_72JwIE",
        "influence_score": 54.99158957327119,
        "uploader": "htownpaablo"
    },
    {
        "rank": 238,
        "ID": "RP0MP3FXnFw",
        "influence_score": 54.955782409596104,
        "uploader": "curtisandhooky"
    },
    {
        "rank": 239,
        "ID": "XorqrziwgOU",
        "influence_score": 54.94697569142519,
        "uploader": "TheRazorsEdge006"
    },
    {
        "rank": 240,
        "ID": "JnF5-boed9c",
        "influence_score": 54.92861801097456,
        "uploader": "Bureyeanne"
    },
    {
        "rank": 241,
        "ID": "NLqnbEfWkNA",
        "influence_score": 54.91967027724354,
        "uploader": "roykouris"
    },
    {
        "rank": 242,
        "ID": "IaWQCZiBHaU",
        "influence_score": 54.864488322796014,
        "uploader": "keyser3"
    },
    {
        "rank": 243,
        "ID": "S1Sf15a2Znk",
        "influence_score": 54.77617836845438,
        "uploader": "miaarose"
    },
    {
        "rank": 244,
        "ID": "uyujoztBdps",
        "influence_score": 54.50382845082833,
        "uploader": "cutekrazykay"
    },
    {
        "rank": 245,
        "ID": "3VJlYq6JMb8",
        "influence_score": 54.41493921126146,
        "uploader": "snuffle007"
    },
    {
        "rank": 246,
        "ID": "0TN5LQB9V10",
        "influence_score": 54.34156386000172,
        "uploader": "UmitDB"
    },
    {
        "rank": 247,
        "ID": "Iw_sPTlvfg0",
        "influence_score": 54.25112113897297,
        "uploader": "bromb"
    },
    {
        "rank": 248,
        "ID": "AjSjjv65nCk",
        "influence_score": 54.0447173523914,
        "uploader": "newmaka"
    },
    {
        "rank": 249,
        "ID": "T6S5iEjdf50",
        "influence_score": 54.006583042143085,
        "uploader": "chokeuponcyanide"
    },
    {
        "rank": 250,
        "ID": "qE5_VyhPbCs",
        "influence_score": 53.836777120776794,
        "uploader": "PabloBatistaner"
    },
    {
        "rank": 251,
        "ID": "42J0jDQE_8Y",
        "influence_score": 53.16170496172611,
        "uploader": "kenai3000"
    },
    {
        "rank": 252,
        "ID": "VVguSziDxJM",
        "influence_score": 53.01625822635927,
        "uploader": "zeoul001"
    },
    {
        "rank": 253,
        "ID": "VmujY5xPXJM",
        "influence_score": 52.96467186499386,
        "uploader": "PabloBatistaner"
    },
    {
        "rank": 254,
        "ID": "7ok1Xc01oJ4",
        "influence_score": 52.89481773057955,
        "uploader": "rainerb"
    },
    {
        "rank": 255,
        "ID": "1rtiAQk3ojE",
        "influence_score": 52.86698183733524,
        "uploader": "GoriFater"
    },
    {
        "rank": 256,
        "ID": "Df9mFYO02f4",
        "influence_score": 52.82659707467006,
        "uploader": "JeremyCampMusic"
    },
    {
        "rank": 257,
        "ID": "c9vZZ4B3TYE",
        "influence_score": 52.80247960625305,
        "uploader": "melctiney"
    },
    {
        "rank": 258,
        "ID": "KQMwX7UqQDA",
        "influence_score": 52.73361545609555,
        "uploader": "ethanwaters"
    },
    {
        "rank": 259,
        "ID": "-QlS1dWR6QA",
        "influence_score": 52.52827130695794,
        "uploader": "mrshokiemon"
    },
    {
        "rank": 260,
        "ID": "aWf7yVt5NA0",
        "influence_score": 52.403794621452526,
        "uploader": "thechickentest"
    },
    {
        "rank": 261,
        "ID": "8BZAyC336o0",
        "influence_score": 52.34882027215262,
        "uploader": "ericsd"
    },
    {
        "rank": 262,
        "ID": "1XC381G8rS4",
        "influence_score": 52.338881226902025,
        "uploader": "iwuvmileycyrus"
    },
    {
        "rank": 263,
        "ID": "hXixPRcZLgo",
        "influence_score": 52.32306888278911,
        "uploader": "meteorite"
    },
    {
        "rank": 264,
        "ID": "z2KOIl2seb0",
        "influence_score": 52.25886576125587,
        "uploader": "jigglysquishy"
    },
    {
        "rank": 265,
        "ID": "65aF_ZkpK90",
        "influence_score": 52.150740685640805,
        "uploader": "oleeczka"
    },
    {
        "rank": 266,
        "ID": "PyBeGU73Wrc",
        "influence_score": 52.076529080685006,
        "uploader": "lexxurevg1"
    },
    {
        "rank": 267,
        "ID": "eyR02pezgwQ",
        "influence_score": 51.95724329043286,
        "uploader": "electrizz"
    },
    {
        "rank": 268,
        "ID": "QBmOPu8w6gM",
        "influence_score": 51.83590259256161,
        "uploader": "drive83"
    },
    {
        "rank": 269,
        "ID": "WKyENZreuTs",
        "influence_score": 51.780619887790216,
        "uploader": "hirahira09"
    },
    {
        "rank": 270,
        "ID": "FdAIMCKK_-w",
        "influence_score": 51.540579905124126,
        "uploader": "nodthegreat"
    },
    {
        "rank": 271,
        "ID": "m8x32eM4qpw",
        "influence_score": 51.52525780124072,
        "uploader": "roykouris"
    },
    {
        "rank": 272,
        "ID": "HYNXlt2OKq8",
        "influence_score": 51.488225018492436,
        "uploader": "ericsd"
    },
    {
        "rank": 273,
        "ID": "vWJ5HLvDYEM",
        "influence_score": 51.48822501849242,
        "uploader": "jshahn87"
    },
    {
        "rank": 274,
        "ID": "AD3-oBr-dAU",
        "influence_score": 51.47141496511205,
        "uploader": "AxelLover1"
    },
    {
        "rank": 275,
        "ID": "aeeR4Vnvs8U",
        "influence_score": 51.461233699809846,
        "uploader": "Vanbrookbabe"
    },
    {
        "rank": 276,
        "ID": "MWwIz-NPbPY",
        "influence_score": 51.41405414553535,
        "uploader": "AdriaanGTAP"
    },
    {
        "rank": 277,
        "ID": "r-ItHpLfRP0",
        "influence_score": 51.40913967952981,
        "uploader": "LRad001"
    },
    {
        "rank": 278,
        "ID": "xAON1guFpXw",
        "influence_score": 51.361707876898855,
        "uploader": "1johnboy"
    },
    {
        "rank": 279,
        "ID": "3gg5LOd_Zus",
        "influence_score": 51.299906571177864,
        "uploader": "NewNuma"
    },
    {
        "rank": 280,
        "ID": "zXE2rqO18Jo",
        "influence_score": 51.18476879545958,
        "uploader": "deldea"
    },
    {
        "rank": 281,
        "ID": "dcPsVWhbvIA",
        "influence_score": 51.14301921428531,
        "uploader": "koodakus"
    },
    {
        "rank": 282,
        "ID": "3fE1LYxsByo",
        "influence_score": 51.04176985708472,
        "uploader": "nickGis0001"
    },
    {
        "rank": 283,
        "ID": "ND9HGQqgUeY",
        "influence_score": 50.99821489053286,
        "uploader": "fixus16"
    },
    {
        "rank": 284,
        "ID": "4_zdeP7aLNc",
        "influence_score": 50.97537669753737,
        "uploader": "Luffy90"
    },
    {
        "rank": 285,
        "ID": "F9W1jK_5DSs",
        "influence_score": 50.7450533378101,
        "uploader": "thetilla"
    },
    {
        "rank": 286,
        "ID": "d3G6iKva85M",
        "influence_score": 50.73064818338854,
        "uploader": "mrmail"
    },
    {
        "rank": 287,
        "ID": "eWgSSn598ho",
        "influence_score": 50.58580282570687,
        "uploader": "funny7"
    },
    {
        "rank": 288,
        "ID": "_M2ptGqRUYI",
        "influence_score": 50.54765925185054,
        "uploader": "DAVEandEDareTHEbest"
    },
    {
        "rank": 289,
        "ID": "yAPaOqND0B0",
        "influence_score": 50.51595539996784,
        "uploader": "splasch1956"
    },
    {
        "rank": 290,
        "ID": "MpkBjOUTOHA",
        "influence_score": 50.31289167952169,
        "uploader": "dave13377"
    },
    {
        "rank": 291,
        "ID": "rpvziVgj0ac",
        "influence_score": 50.30960843743757,
        "uploader": "werback7"
    },
    {
        "rank": 292,
        "ID": "7XV4GZAWMvU",
        "influence_score": 50.261992915931536,
        "uploader": "snake206"
    },
    {
        "rank": 293,
        "ID": "R_zi4OxJpY0",
        "influence_score": 50.22927732370676,
        "uploader": "Jadensgirl06"
    },
    {
        "rank": 294,
        "ID": "Hh1FcBJaNeI",
        "influence_score": 50.219361371976795,
        "uploader": "samval88"
    },
    {
        "rank": 295,
        "ID": "uNqjQe1GTvU",
        "influence_score": 50.179878040935726,
        "uploader": "n0ru1es"
    },
    {
        "rank": 296,
        "ID": "YpCWof59RL0",
        "influence_score": 50.07430160478257,
        "uploader": "Animirc"
    },
    {
        "rank": 297,
        "ID": "SOf2_PbnEmI",
        "influence_score": 50.006364905154925,
        "uploader": "Eyesonvideos"
    },
    {
        "rank": 298,
        "ID": "zsAXUuJR7J0",
        "influence_score": 49.90772061709522,
        "uploader": "Brutal561E"
    },
    {
        "rank": 299,
        "ID": "T9Ugjp2yQrY",
        "influence_score": 49.666882062419944,
        "uploader": "alimwm"
    },
    {
        "rank": 300,
        "ID": "TaIUkwPybtM",
        "influence_score": 49.461136773885926,
        "uploader": "itubemyvideos"
    },
    {
        "rank": 301,
        "ID": "yMSGS0S7SHo",
        "influence_score": 49.22267407581412,
        "uploader": "nintendodsg"
    },
    {
        "rank": 302,
        "ID": "l9ce18PE8pk",
        "influence_score": 49.21262553587824,
        "uploader": "Krille115"
    },
    {
        "rank": 303,
        "ID": "qiSkyEyBczU",
        "influence_score": 49.13956749519028,
        "uploader": "BereniC"
    },
    {
        "rank": 304,
        "ID": "bCvx-iacRaE",
        "influence_score": 49.127705986279246,
        "uploader": "ladylove72"
    },
    {
        "rank": 305,
        "ID": "16g2o2zGRfA",
        "influence_score": 49.05535303331145,
        "uploader": "guitarsoul"
    },
    {
        "rank": 306,
        "ID": "UBAhvI0TRDs",
        "influence_score": 49.00555188795573,
        "uploader": "liveforeverprod"
    },
    {
        "rank": 307,
        "ID": "ovPQdOT1WTw",
        "influence_score": 48.86295513789209,
        "uploader": "Narukochan69"
    },
    {
        "rank": 308,
        "ID": "l9DkJCoaDos",
        "influence_score": 48.82118186723858,
        "uploader": "Go123Video"
    },
    {
        "rank": 309,
        "ID": "vW6ZpqXjCE4",
        "influence_score": 48.81106552056473,
        "uploader": "lonelygirl15"
    },
    {
        "rank": 310,
        "ID": "P8xzJUakcgY",
        "influence_score": 48.75509801340103,
        "uploader": "luamky"
    },
    {
        "rank": 311,
        "ID": "Qapa7Xv4H-M",
        "influence_score": 48.68409218320882,
        "uploader": "jonlajoie"
    },
    {
        "rank": 312,
        "ID": "WpLGns5THuA",
        "influence_score": 48.650911729784546,
        "uploader": "951QSCAZ"
    },
    {
        "rank": 313,
        "ID": "eBUcrtfekuA",
        "influence_score": 48.59799705066989,
        "uploader": "Terrorwolf16"
    },
    {
        "rank": 314,
        "ID": "tICwn69X8aE",
        "influence_score": 48.54727488097567,
        "uploader": "barede"
    },
    {
        "rank": 315,
        "ID": "7ZIc0UY2g4s",
        "influence_score": 48.536431759218964,
        "uploader": "JeanneBa"
    },
    {
        "rank": 316,
        "ID": "eGZWZ8GlLso",
        "influence_score": 48.47850713414049,
        "uploader": "lelen0u"
    },
    {
        "rank": 317,
        "ID": "9xGJNQZ3wCA",
        "influence_score": 48.4696700436053,
        "uploader": "skittlelock"
    },
    {
        "rank": 318,
        "ID": "Whi8ZIsXVDM",
        "influence_score": 48.43139259476959,
        "uploader": "MuchMusicOfficial"
    },
    {
        "rank": 319,
        "ID": "MqxxkWDeBTY",
        "influence_score": 48.42153122823251,
        "uploader": "smasher1987"
    },
    {
        "rank": 320,
        "ID": "N9kgKc2soks",
        "influence_score": 48.28937346383037,
        "uploader": "chanuchan"
    },
    {
        "rank": 321,
        "ID": "f_h_rLKTLvs",
        "influence_score": 48.21039388251818,
        "uploader": "albor10"
    },
    {
        "rank": 322,
        "ID": "ZnrbbmJ90FU",
        "influence_score": 48.19176278049616,
        "uploader": "djraedawn"
    },
    {
        "rank": 323,
        "ID": "UlU52OU9d_k",
        "influence_score": 47.959942573694185,
        "uploader": "asillysaint"
    },
    {
        "rank": 324,
        "ID": "3HiMqy11vSc",
        "influence_score": 47.95170581654436,
        "uploader": "worldcarfans"
    },
    {
        "rank": 325,
        "ID": "iSpkAPO3wFU",
        "influence_score": 47.94186775147071,
        "uploader": "RikuSasukeLover"
    },
    {
        "rank": 326,
        "ID": "DY4X80vD_Y4",
        "influence_score": 47.941576168666025,
        "uploader": "laker1023"
    },
    {
        "rank": 327,
        "ID": "usEePvRuiLI",
        "influence_score": 47.921614134143056,
        "uploader": "Mateusz99"
    },
    {
        "rank": 328,
        "ID": "nrbmhA9MMiA",
        "influence_score": 47.895486523822164,
        "uploader": "toytrains1"
    },
    {
        "rank": 329,
        "ID": "RMyBSNPGsfc",
        "influence_score": 47.895486523822164,
        "uploader": "toytrains1"
    },
    {
        "rank": 330,
        "ID": "tLUeSf86v1E",
        "influence_score": 47.88042630448301,
        "uploader": "Daxflame"
    },
    {
        "rank": 331,
        "ID": "lM56Q2AhOIA",
        "influence_score": 47.8122825715931,
        "uploader": "aufcfan"
    },
    {
        "rank": 332,
        "ID": "ShLmrtu9Gyg",
        "influence_score": 47.759183611051945,
        "uploader": "extremeplay101"
    },
    {
        "rank": 333,
        "ID": "pJxZuIZTV68",
        "influence_score": 47.75802830040228,
        "uploader": "marfanra"
    },
    {
        "rank": 334,
        "ID": "tiSTa0pJ9KE",
        "influence_score": 47.71211756255347,
        "uploader": "ClickHereMopar"
    },
    {
        "rank": 335,
        "ID": "OU0_fDRLjKs",
        "influence_score": 47.671552041256305,
        "uploader": "benjimadden2006"
    },
    {
        "rank": 336,
        "ID": "JTC7kPZZmuM",
        "influence_score": 47.66503412652844,
        "uploader": "guitarsoul"
    },
    {
        "rank": 337,
        "ID": "k8dH3IT9wcs",
        "influence_score": 47.649958049921544,
        "uploader": "LiLeMbI2381"
    },
    {
        "rank": 338,
        "ID": "-5v3Cdrplis",
        "influence_score": 47.571005059645394,
        "uploader": "Pikawil64"
    },
    {
        "rank": 339,
        "ID": "UJXeh0uvA7g",
        "influence_score": 47.54401343481221,
        "uploader": "sunset2712"
    },
    {
        "rank": 340,
        "ID": "Z5d9OU-6zjs",
        "influence_score": 47.51837402142138,
        "uploader": "SakuraHaruno0200"
    },
    {
        "rank": 341,
        "ID": "MXYhn2Wwxhs",
        "influence_score": 47.4793888378242,
        "uploader": "Ziotinozioto"
    },
    {
        "rank": 342,
        "ID": "2JALO5C-Vl8",
        "influence_score": 47.337258918247,
        "uploader": "booyakasha83"
    },
    {
        "rank": 343,
        "ID": "FDclvF1v5-U",
        "influence_score": 47.20724013064896,
        "uploader": "Zaria22"
    },
    {
        "rank": 344,
        "ID": "jpN5wtBYONg",
        "influence_score": 47.15442878071025,
        "uploader": "wwwMeccaCentricCom"
    },
    {
        "rank": 345,
        "ID": "Ffqy8U4ceFA",
        "influence_score": 47.102223189165734,
        "uploader": "xZiZeRx"
    },
    {
        "rank": 346,
        "ID": "1thK30SeKi0",
        "influence_score": 46.94681423482581,
        "uploader": "FreddieLampard"
    },
    {
        "rank": 347,
        "ID": "GTBMYFkToNs",
        "influence_score": 46.8930973664071,
        "uploader": "applcinamn"
    },
    {
        "rank": 348,
        "ID": "3e8vpoj0lDs",
        "influence_score": 46.84334982950711,
        "uploader": "bachelormachines"
    },
    {
        "rank": 349,
        "ID": "rmaoCkwtvk8",
        "influence_score": 46.77099385705433,
        "uploader": "TerrorFreeOil"
    },
    {
        "rank": 350,
        "ID": "iPiEdevNhps",
        "influence_score": 46.76502288631584,
        "uploader": "roadflytv"
    },
    {
        "rank": 351,
        "ID": "683Gc21LCvk",
        "influence_score": 46.695158612998696,
        "uploader": "elektrolueti"
    },
    {
        "rank": 352,
        "ID": "vGgoCZD-37Y",
        "influence_score": 46.622468936111794,
        "uploader": "alboholic"
    },
    {
        "rank": 353,
        "ID": "5jFh5HIPvhQ",
        "influence_score": 46.58266105901471,
        "uploader": "bdfan"
    },
    {
        "rank": 354,
        "ID": "gh8u6nTx8wY",
        "influence_score": 46.57974057587669,
        "uploader": "blamesocietyfilms"
    },
    {
        "rank": 355,
        "ID": "TX8oMFdil7Y",
        "influence_score": 46.55091205017979,
        "uploader": "begz85"
    },
    {
        "rank": 356,
        "ID": "yojKOipyn2w",
        "influence_score": 46.540476797542716,
        "uploader": "theyellowrose"
    },
    {
        "rank": 357,
        "ID": "UVmSUpGhauw",
        "influence_score": 46.518687482473,
        "uploader": "colossus5000"
    },
    {
        "rank": 358,
        "ID": "WdG-wfBYQbs",
        "influence_score": 46.48857570171351,
        "uploader": "clintoncaudill"
    },
    {
        "rank": 359,
        "ID": "lctAl6-nM9g",
        "influence_score": 46.37278697467032,
        "uploader": "vladgarza"
    },
    {
        "rank": 360,
        "ID": "t7MeOMpJ1Sw",
        "influence_score": 46.05215632057721,
        "uploader": "FrankBKermit"
    },
    {
        "rank": 361,
        "ID": "CcJFxJpW8ZE",
        "influence_score": 46.05215632057721,
        "uploader": "tlg847"
    },
    {
        "rank": 362,
        "ID": "QbnsKeCKfHI",
        "influence_score": 46.04185647857134,
        "uploader": "shosh33"
    },
    {
        "rank": 363,
        "ID": "84u9lohMOnI",
        "influence_score": 45.99963593670821,
        "uploader": "jeffrise"
    },
    {
        "rank": 364,
        "ID": "IHbUV6iZLS8",
        "influence_score": 45.98719775829162,
        "uploader": "dybanne"
    },
    {
        "rank": 365,
        "ID": "gAWq886GOGI",
        "influence_score": 45.976888858674236,
        "uploader": "GovernorWatts"
    },
    {
        "rank": 366,
        "ID": "X__MK50kj9M",
        "influence_score": 45.930199862693826,
        "uploader": "raspadinhaRJ"
    },
    {
        "rank": 367,
        "ID": "rMI-eK0Afw0",
        "influence_score": 45.908324725337565,
        "uploader": "zeoul001"
    },
    {
        "rank": 368,
        "ID": "bYHwZ5lv3aY",
        "influence_score": 45.87296888439508,
        "uploader": "BROMYLES"
    },
    {
        "rank": 369,
        "ID": "Pr5WRYulZJ4",
        "influence_score": 45.755956861975875,
        "uploader": "021288"
    },
    {
        "rank": 370,
        "ID": "NZSz4nNKO50",
        "influence_score": 45.69312136043836,
        "uploader": "nadiasnkotbnostalgia"
    },
    {
        "rank": 371,
        "ID": "pep-UxjnK64",
        "influence_score": 45.68541637714012,
        "uploader": "Stroma2"
    },
    {
        "rank": 372,
        "ID": "rH2nNt1s5pk",
        "influence_score": 45.61057944060233,
        "uploader": "ummahfilms"
    },
    {
        "rank": 373,
        "ID": "6OUcp6UJ2bA",
        "influence_score": 45.54451796789231,
        "uploader": "lonelygirl15"
    },
    {
        "rank": 374,
        "ID": "pM8hcCcz0Ic",
        "influence_score": 45.50807762799326,
        "uploader": "redlite"
    },
    {
        "rank": 375,
        "ID": "AWnhTJCvBVU",
        "influence_score": 45.42339575692938,
        "uploader": "TheRunnerTrilogy"
    },
    {
        "rank": 376,
        "ID": "jR89VjfYC_o",
        "influence_score": 45.33795264303308,
        "uploader": "chickenbone"
    },
    {
        "rank": 377,
        "ID": "HK4b6pOcnVU",
        "influence_score": 45.33254981592772,
        "uploader": "dodgydavec"
    },
    {
        "rank": 378,
        "ID": "WreHc9WNVW4",
        "influence_score": 45.20119467761035,
        "uploader": "Senardji"
    },
    {
        "rank": 379,
        "ID": "OdwYubMMgTo",
        "influence_score": 45.15720860382034,
        "uploader": "funny7"
    },
    {
        "rank": 380,
        "ID": "AeiUqLRHrEs",
        "influence_score": 45.13141523113699,
        "uploader": "TEFLONTVOFFICIAL"
    },
    {
        "rank": 381,
        "ID": "ognbZt9zBbQ",
        "influence_score": 45.02054657895487,
        "uploader": "paulgerd"
    },
    {
        "rank": 382,
        "ID": "-8XIxSNo4eQ",
        "influence_score": 44.939432325956005,
        "uploader": "misfitkara57"
    },
    {
        "rank": 383,
        "ID": "B900jqqSdls",
        "influence_score": 44.83934385171276,
        "uploader": "espanamail"
    },
    {
        "rank": 384,
        "ID": "rhGZxvDs6cE",
        "influence_score": 44.83159474114257,
        "uploader": "kagiales"
    },
    {
        "rank": 385,
        "ID": "Ufk1iBl9z8I",
        "influence_score": 44.820103219553026,
        "uploader": "joshflip1989"
    },
    {
        "rank": 386,
        "ID": "VcCCbLYZXLU",
        "influence_score": 44.7835853696006,
        "uploader": "vincentlkk01"
    },
    {
        "rank": 387,
        "ID": "3Gb1FqZeq1Y",
        "influence_score": 44.77824790425938,
        "uploader": "marcoPATRON"
    },
    {
        "rank": 388,
        "ID": "6M9rc9g3KDQ",
        "influence_score": 44.743233937181834,
        "uploader": "yogikhedi"
    },
    {
        "rank": 389,
        "ID": "FsBxztviDr8",
        "influence_score": 44.605616997973215,
        "uploader": "Nintega"
    },
    {
        "rank": 390,
        "ID": "8sfVOSJfOIQ",
        "influence_score": 44.530641115828516,
        "uploader": "ERaddict"
    },
    {
        "rank": 391,
        "ID": "HOqMWxRAE9s",
        "influence_score": 44.45250461022467,
        "uploader": "LikeBorats"
    },
    {
        "rank": 392,
        "ID": "gj8PInzAaNo",
        "influence_score": 44.4421805985981,
        "uploader": "hiddentrack12"
    },
    {
        "rank": 393,
        "ID": "tie3Zw_N8HI",
        "influence_score": 44.42380087148304,
        "uploader": "ChicoTemidoXEver"
    },
    {
        "rank": 394,
        "ID": "mVoxsRmZrC8",
        "influence_score": 44.318325019556404,
        "uploader": "fordmodels"
    },
    {
        "rank": 395,
        "ID": "jd_4OrFH3EU",
        "influence_score": 44.27640919487941,
        "uploader": "Hard2beatRecords"
    },
    {
        "rank": 396,
        "ID": "trHRiFzduW0",
        "influence_score": 44.245516066971796,
        "uploader": "raymondje"
    },
    {
        "rank": 397,
        "ID": "K9YWechtQUU",
        "influence_score": 44.2046174364521,
        "uploader": "mexican405"
    },
    {
        "rank": 398,
        "ID": "EmqN75NI0xg",
        "influence_score": 44.196735407510396,
        "uploader": "wwwMeccaCentricCom"
    },
    {
        "rank": 399,
        "ID": "lPywXcu9eNU",
        "influence_score": 44.14423659137899,
        "uploader": "damexican27"
    },
    {
        "rank": 400,
        "ID": "bUvWK_xJXiU",
        "influence_score": 44.10954627330387,
        "uploader": "hemmo12345"
    },
    {
        "rank": 401,
        "ID": "7Bff4uo9Cdw",
        "influence_score": 43.88636689936966,
        "uploader": "QuezEastwood"
    },
    {
        "rank": 402,
        "ID": "5S0iqwQK5fI",
        "influence_score": 43.841707125751206,
        "uploader": "cankaspyturk"
    },
    {
        "rank": 403,
        "ID": "Q16OHvspses",
        "influence_score": 43.81999373617131,
        "uploader": "CiciChocuq"
    },
    {
        "rank": 404,
        "ID": "8zT90rnIIRg",
        "influence_score": 43.75474378499542,
        "uploader": "Chigawa"
    },
    {
        "rank": 405,
        "ID": "ou9ByXb0HFw",
        "influence_score": 43.62541725838675,
        "uploader": "RoyOsRoom2"
    },
    {
        "rank": 406,
        "ID": "dnRXqotKd2k",
        "influence_score": 43.50948431853389,
        "uploader": "cesar10jp"
    },
    {
        "rank": 407,
        "ID": "jasKRV7G6is",
        "influence_score": 43.38096758737857,
        "uploader": "rickyscot"
    },
    {
        "rank": 408,
        "ID": "mUd0hcEnHiU",
        "influence_score": 43.25552679846144,
        "uploader": "lonelygirl15"
    },
    {
        "rank": 409,
        "ID": "zHxcQhxil3I",
        "influence_score": 43.25203450732071,
        "uploader": "melodyXXhorror"
    },
    {
        "rank": 410,
        "ID": "WJemla9Pd38",
        "influence_score": 43.14903531507041,
        "uploader": "rache11"
    },
    {
        "rank": 411,
        "ID": "Q9-FbvTJJLM",
        "influence_score": 43.031789366952985,
        "uploader": "JMLiles"
    },
    {
        "rank": 412,
        "ID": "zuJvDIPphzw",
        "influence_score": 42.99501529466053,
        "uploader": "wanna87"
    },
    {
        "rank": 413,
        "ID": "5eOSMtdu7ms",
        "influence_score": 42.977225413558244,
        "uploader": "dare2dream0728"
    },
    {
        "rank": 414,
        "ID": "1-SY8tQCHeE",
        "influence_score": 42.91068055912499,
        "uploader": "sxephil"
    },
    {
        "rank": 415,
        "ID": "kGtET4RnVoA",
        "influence_score": 42.816177772714916,
        "uploader": "vincentlkk01"
    },
    {
        "rank": 416,
        "ID": "WYqowdsWXG0",
        "influence_score": 42.758165946535584,
        "uploader": "badamss22"
    },
    {
        "rank": 417,
        "ID": "cw3JKho4eDY",
        "influence_score": 42.634961639633254,
        "uploader": "jypzy23"
    },
    {
        "rank": 418,
        "ID": "xuaoY_3lnNU",
        "influence_score": 42.53638778969646,
        "uploader": "b757yt"
    },
    {
        "rank": 419,
        "ID": "sSNZr5cLpzo",
        "influence_score": 42.35514502334581,
        "uploader": "audioslaveLATINO"
    },
    {
        "rank": 420,
        "ID": "FphuBPNYcWo",
        "influence_score": 42.354278540529116,
        "uploader": "TheALUauxiliary"
    },
    {
        "rank": 421,
        "ID": "BG1Wh8v9pz4",
        "influence_score": 42.32675970512353,
        "uploader": "LikeBorats"
    },
    {
        "rank": 422,
        "ID": "FXrOZf9s0B0",
        "influence_score": 42.31971657299686,
        "uploader": "mrjchristie"
    },
    {
        "rank": 423,
        "ID": "fO4qBbWyh2A",
        "influence_score": 42.166901169573634,
        "uploader": "Fisticuffz"
    },
    {
        "rank": 424,
        "ID": "_73_1D2YbuM",
        "influence_score": 42.13800191866021,
        "uploader": "mistajo"
    },
    {
        "rank": 425,
        "ID": "W_0VEAlPTG4",
        "influence_score": 42.10371582212122,
        "uploader": "SchumiSaloZanardi"
    },
    {
        "rank": 426,
        "ID": "Ho1EiBFmsJk",
        "influence_score": 42.103430857400426,
        "uploader": "snow8oard1O1"
    },
    {
        "rank": 427,
        "ID": "bD4SNCgQxuM",
        "influence_score": 42.018812942496794,
        "uploader": "nevrknw"
    },
    {
        "rank": 428,
        "ID": "812A7pw52Wk",
        "influence_score": 41.88966865318284,
        "uploader": "nuenomeisuke"
    },
    {
        "rank": 429,
        "ID": "JOfX9TsmP_g",
        "influence_score": 41.85779477652512,
        "uploader": "Boogs24"
    },
    {
        "rank": 430,
        "ID": "jGNgcRwKW4Q",
        "influence_score": 41.840381426335874,
        "uploader": "wasp2020"
    },
    {
        "rank": 431,
        "ID": "iNyt8X3259M",
        "influence_score": 41.837895918747435,
        "uploader": "vicsou"
    },
    {
        "rank": 432,
        "ID": "TAKf8lXR-wI",
        "influence_score": 41.81674873568095,
        "uploader": "LikeBorats"
    },
    {
        "rank": 433,
        "ID": "PPToN0Itf7w",
        "influence_score": 41.813197567364845,
        "uploader": "chanuchan"
    },
    {
        "rank": 434,
        "ID": "ZzFOYtO-uMg",
        "influence_score": 41.76652381993251,
        "uploader": "RoyalBankai"
    },
    {
        "rank": 435,
        "ID": "kZ66Y5DblVo",
        "influence_score": 41.76347502746454,
        "uploader": "swtjesuschik05"
    },
    {
        "rank": 436,
        "ID": "axCS4Ysstsc",
        "influence_score": 41.67688217471208,
        "uploader": "TerrorFreeOil"
    },
    {
        "rank": 437,
        "ID": "uqpqhjezEt4",
        "influence_score": 41.65426662843205,
        "uploader": "BruGaI"
    },
    {
        "rank": 438,
        "ID": "-m-vDgz0A0o",
        "influence_score": 41.604852100667486,
        "uploader": "trintron0120"
    },
    {
        "rank": 439,
        "ID": "ZUQ5k6gBG2c",
        "influence_score": 41.56902547481018,
        "uploader": "niapDNAedirp"
    },
    {
        "rank": 440,
        "ID": "Trpg_YxR7Bs",
        "influence_score": 41.56609426462099,
        "uploader": "ledkal123"
    },
    {
        "rank": 441,
        "ID": "vY46Vnz217w",
        "influence_score": 41.531717119115555,
        "uploader": "WMtubeman"
    },
    {
        "rank": 442,
        "ID": "Vo5w_wXzSOU",
        "influence_score": 41.522768061993844,
        "uploader": "xboogers91"
    },
    {
        "rank": 443,
        "ID": "8cFCAN8RRJ4",
        "influence_score": 41.49488416162585,
        "uploader": "canart1975"
    },
    {
        "rank": 444,
        "ID": "y7usX-f97Os",
        "influence_score": 41.47401578185652,
        "uploader": "MarbleMad"
    },
    {
        "rank": 445,
        "ID": "namf180Ehmw",
        "influence_score": 41.44518936524215,
        "uploader": "WWEFanNation"
    },
    {
        "rank": 446,
        "ID": "HOskLZ-w3RA",
        "influence_score": 41.40337685064752,
        "uploader": "Maroon5"
    },
    {
        "rank": 447,
        "ID": "Uizv0XRkzvM",
        "influence_score": 41.37245095621707,
        "uploader": "aufdermaur1990"
    },
    {
        "rank": 448,
        "ID": "oCFDgYKA8ps",
        "influence_score": 41.36391884872678,
        "uploader": "psykoyow"
    },
    {
        "rank": 449,
        "ID": "A4kxTkhwR_Q",
        "influence_score": 41.32558389818598,
        "uploader": "rhawk301"
    },
    {
        "rank": 450,
        "ID": "enMqJL0_DX8",
        "influence_score": 41.27164865080866,
        "uploader": "michiyo1987"
    },
    {
        "rank": 451,
        "ID": "j9cnHQKqhF4",
        "influence_score": 41.22912187606344,
        "uploader": "Fran330"
    },
    {
        "rank": 452,
        "ID": "ZpwhMiFNPcI",
        "influence_score": 41.17734896459595,
        "uploader": "lastpost"
    },
    {
        "rank": 453,
        "ID": "MZ4wTirShfA",
        "influence_score": 41.14577176526846,
        "uploader": "DaKidAce9"
    },
    {
        "rank": 454,
        "ID": "e9Uo7Encor4",
        "influence_score": 41.14071544760301,
        "uploader": "jigglysquishy"
    },
    {
        "rank": 455,
        "ID": "LSx-8H7NilA",
        "influence_score": 41.04334124734816,
        "uploader": "serpento99"
    },
    {
        "rank": 456,
        "ID": "3d-LjMIBsNY",
        "influence_score": 41.03522979868998,
        "uploader": "GoldToffel"
    },
    {
        "rank": 457,
        "ID": "1MpdxkdnV1A",
        "influence_score": 40.9827624481557,
        "uploader": "nintendodsg"
    },
    {
        "rank": 458,
        "ID": "zvDX-K0wI9I",
        "influence_score": 40.976825258272484,
        "uploader": "dylankicks"
    },
    {
        "rank": 459,
        "ID": "ECL0-VXaHQM",
        "influence_score": 40.94601683263326,
        "uploader": "peterol2618"
    },
    {
        "rank": 460,
        "ID": "hJzz7Eo-294",
        "influence_score": 40.777976269968256,
        "uploader": "nigeriaboy"
    },
    {
        "rank": 461,
        "ID": "z6ywoloxM5c",
        "influence_score": 40.76909634635975,
        "uploader": "PrincessHBIC7"
    },
    {
        "rank": 462,
        "ID": "QVLubn8r_T0",
        "influence_score": 40.762116838002896,
        "uploader": "TruongProductions"
    },
    {
        "rank": 463,
        "ID": "Bmz2P5rCY_s",
        "influence_score": 40.735478998482414,
        "uploader": "crazybabyboy911"
    },
    {
        "rank": 464,
        "ID": "Gy9ghRlXYfw",
        "influence_score": 40.7180391023738,
        "uploader": "Jamie321R"
    },
    {
        "rank": 465,
        "ID": "CWdy_-mYGV0",
        "influence_score": 40.71738303054447,
        "uploader": "spermonster"
    },
    {
        "rank": 466,
        "ID": "vOfBx-fFVv8",
        "influence_score": 40.69920771262946,
        "uploader": "movieaddict123"
    },
    {
        "rank": 467,
        "ID": "mXmttjIOdTY",
        "influence_score": 40.697782203935375,
        "uploader": "InPerfectClouds"
    },
    {
        "rank": 468,
        "ID": "ouzndIEbEsc",
        "influence_score": 40.515201048889324,
        "uploader": "beatlez"
    },
    {
        "rank": 469,
        "ID": "HRzYhO4LAWM",
        "influence_score": 40.50371069613279,
        "uploader": "movieaddict123"
    },
    {
        "rank": 470,
        "ID": "cuWZeBRpwAc",
        "influence_score": 40.5022181779121,
        "uploader": "RobAlone"
    },
    {
        "rank": 471,
        "ID": "FwOGPSjVs94",
        "influence_score": 40.473325062974766,
        "uploader": "hilalsuhaib"
    },
    {
        "rank": 472,
        "ID": "i1bTsaIf2ww",
        "influence_score": 40.370731535230696,
        "uploader": "universalmusicgroup"
    },
    {
        "rank": 473,
        "ID": "6QDatZ6UB7g",
        "influence_score": 40.35276581479594,
        "uploader": "Lanesracra"
    },
    {
        "rank": 474,
        "ID": "5_Tn_CeR05M",
        "influence_score": 40.34630332628369,
        "uploader": "FoXXX23"
    },
    {
        "rank": 475,
        "ID": "XcaCwKvMyfs",
        "influence_score": 40.317305111602906,
        "uploader": "brazil70"
    },
    {
        "rank": 476,
        "ID": "QCmVqhlzU_Y",
        "influence_score": 40.301911822446755,
        "uploader": "kagiales"
    },
    {
        "rank": 477,
        "ID": "dcOOSpvC2JI",
        "influence_score": 40.24463696109867,
        "uploader": "newyorkgreg"
    },
    {
        "rank": 478,
        "ID": "HjYZ2RTURJA",
        "influence_score": 40.20479892899683,
        "uploader": "benkennes123"
    },
    {
        "rank": 479,
        "ID": "uLUJKZAPQCo",
        "influence_score": 40.17995788269228,
        "uploader": "prinzessin86"
    },
    {
        "rank": 480,
        "ID": "hk6qlRlxUBc",
        "influence_score": 40.167538381967496,
        "uploader": "Naley0323"
    },
    {
        "rank": 481,
        "ID": "5HR_dEeS3S0",
        "influence_score": 40.1304841901384,
        "uploader": "RyansAdventures"
    },
    {
        "rank": 482,
        "ID": "gskuP-8dtSU",
        "influence_score": 40.107857376571836,
        "uploader": "Yordii"
    },
    {
        "rank": 483,
        "ID": "haD8RGdX2U0",
        "influence_score": 40.084983913515345,
        "uploader": "postingmyvids"
    },
    {
        "rank": 484,
        "ID": "nxQl8f0hxQc",
        "influence_score": 40.073695837863916,
        "uploader": "kleinermukk"
    },
    {
        "rank": 485,
        "ID": "Qow9r5yhhBo",
        "influence_score": 40.03250692069138,
        "uploader": "automotoportal"
    },
    {
        "rank": 486,
        "ID": "fHv7AjqLBhU",
        "influence_score": 39.96121618702093,
        "uploader": "hiddentrack12"
    },
    {
        "rank": 487,
        "ID": "zb0yO4If81Y",
        "influence_score": 39.91813983207863,
        "uploader": "firstworld"
    },
    {
        "rank": 488,
        "ID": "NOvGkumpt3U",
        "influence_score": 39.87118473721165,
        "uploader": "Boogs24"
    },
    {
        "rank": 489,
        "ID": "4tYro8rHgIw",
        "influence_score": 39.85301405600052,
        "uploader": "yayitsKAY"
    },
    {
        "rank": 490,
        "ID": "P30yKOBFLyU",
        "influence_score": 39.68316123709111,
        "uploader": "Julienne11"
    },
    {
        "rank": 491,
        "ID": "xhU11wgznD4",
        "influence_score": 39.627803356702074,
        "uploader": "frookypooky"
    },
    {
        "rank": 492,
        "ID": "apB7V4PIeLI",
        "influence_score": 39.62652641404194,
        "uploader": "scarletscorpion"
    },
    {
        "rank": 493,
        "ID": "ZWskL2c2rY4",
        "influence_score": 39.60743202220257,
        "uploader": "FreeFuture"
    },
    {
        "rank": 494,
        "ID": "XkTnrgVcYMY",
        "influence_score": 39.576960585807015,
        "uploader": "shazaamproductions"
    },
    {
        "rank": 495,
        "ID": "Kw2ApBXrYj4",
        "influence_score": 39.52663864645146,
        "uploader": "chrisandjohnshow"
    },
    {
        "rank": 496,
        "ID": "72B3tUAqpo4",
        "influence_score": 39.487485423496224,
        "uploader": "NHaleMedia"
    },
    {
        "rank": 497,
        "ID": "wruXuqni03c",
        "influence_score": 39.47136735588267,
        "uploader": "luislozania"
    },
    {
        "rank": 498,
        "ID": "UvllaD_9HuU",
        "influence_score": 39.46775243767779,
        "uploader": "academymushroom"
    },
    {
        "rank": 499,
        "ID": "7nE800Wdq7M",
        "influence_score": 39.42289321616832,
        "uploader": "ChakramsIsDead"
    },
    {
        "rank": 500,
        "ID": "tFc6o2m9mMQ",
        "influence_score": 39.35669802564391,
        "uploader": "iliocht"
    }
]